onset_beat,duration_beat,onset_quarter,duration_quarter,onset_div,duration_div,pitch,voice,id,last_beat,last_beat_ref
0.0,0.33333334,0.0,0.33333334,0,4,38,6,n3,0.0,0.0
0.33333334,0.33333334,0.33333334,0.33333334,4,4,57,6,n4,0.0,0.0
0.6666667,0.33333334,0.6666667,0.33333334,8,4,62,6,n5,0.0,0.0
1.0,0.33333334,1.0,0.33333334,12,4,69,6,n6,1.0,1.916667
1.3333334,0.33333334,1.3333334,0.33333334,16,4,62,6,n7,1.0,1.916667
1.6666666,0.33333334,1.6666666,0.33333334,20,4,57,6,n8,1.0,1.916667
2.0,0.33333334,2.0,0.33333334,24,4,54,6,n9,2.0,3.009115
2.3333333,0.33333334,2.3333333,0.33333334,28,4,45,6,n10,2.0,3.009115
2.6666667,0.33333334,2.6666667,0.33333334,32,4,62,6,n11,2.0,3.009115
3.0,0.33333334,3.0,0.33333334,36,4,38,6,n14,3.0,4.179688
3.3333333,0.33333334,3.3333333,0.33333334,40,4,57,6,n15,3.0,4.179688
3.6666667,0.33333334,3.6666667,0.33333334,44,4,62,6,n16,3.0,4.179688
4.0,0.33333334,4.0,0.33333334,48,4,69,6,n17,4.0,5.476562
4.3333335,0.33333334,4.3333335,0.33333334,52,4,62,6,n18,4.0,5.476562
4.6666665,0.33333334,4.6666665,0.33333334,56,4,57,6,n19,4.0,5.476562
5.0,0.33333334,5.0,0.33333334,60,4,54,6,n20,5.0,6.526042
5.3333335,0.33333334,5.3333335,0.33333334,64,4,45,6,n21,5.0,6.526042
5.6666665,0.33333334,5.6666665,0.33333334,68,4,62,6,n22,5.0,6.526042
6.0,2.0,6.0,2.0,72,24,66,1,n23,6.0,8.178385
6.3333335,0.33333334,6.3333335,0.33333334,76,4,38,6,n27,6.0,8.178385
6.6666665,0.33333334,6.6666665,0.33333334,80,4,57,6,n28,6.0,8.178385
7.0,0.33333334,7.0,0.33333334,84,4,69,6,n29,7.0,9.613281
7.3333335,0.33333334,7.3333335,0.33333334,88,4,62,6,n30,7.0,9.613281
7.6666665,0.33333334,7.6666665,0.33333334,92,4,57,6,n31,7.0,9.613281
8.0,1.0,8.0,1.0,96,12,64,1,n24,8.0,10.816406
8.333333,0.33333334,8.333333,0.33333334,100,4,61,6,n33,8.0,10.816406
8.333333,0.33333334,8.333333,0.33333334,100,4,67,6,n34,8.0,10.816406
8.333333,0.33333334,8.333333,0.33333334,100,4,69,6,n35,8.0,10.816406
8.666667,0.33333334,8.666667,0.33333334,104,4,57,6,n36,8.0,10.816406
9.0,2.0,9.0,2.0,108,24,66,1,n37,9.0,11.985677
9.333333,0.33333334,9.333333,0.33333334,112,4,50,6,n41,9.0,11.985677
9.666667,0.33333334,9.666667,0.33333334,116,4,57,6,n42,9.0,11.985677
10.0,0.33333334,10.0,0.33333334,120,4,69,6,n43,10.0,13.102865
10.333333,0.33333334,10.333333,0.33333334,124,4,62,6,n44,10.0,13.102865
10.666667,0.33333334,10.666667,0.33333334,128,4,57,6,n45,10.0,13.102865
11.0,1.0,11.0,1.0,132,12,59,1,n38,11.0,14.222656
11.333333,0.33333334,11.333333,0.33333334,136,4,62,6,n47,11.0,14.222656
11.333333,0.33333334,11.333333,0.33333334,136,4,69,6,n48,11.0,14.222656
11.666667,0.33333334,11.666667,0.33333334,140,4,57,6,n49,11.0,14.222656
12.0,2.0,12.0,2.0,144,24,61,1,n50,12.0,15.244792
12.333333,0.33333334,12.333333,0.33333334,148,4,38,6,n56,12.0,15.244792
12.666667,0.33333334,12.666667,0.33333334,152,4,57,6,n57,12.0,15.244792
13.0,0.33333334,13.0,0.33333334,156,4,67,6,n58,13.0,16.393229
13.0,0.33333334,13.0,0.33333334,156,4,69,6,n59,13.0,16.393229
13.333333,0.33333334,13.333333,0.33333334,160,4,62,6,n60,13.0,16.393229
13.666667,0.33333334,13.666667,0.33333334,164,4,57,6,n61,13.0,16.393229
14.0,0.5,14.0,0.5,168,6,62,1,n51,14.0,17.397135
14.333333,0.33333334,14.333333,0.33333334,172,4,59,6,n63,14.0,17.397135
14.333333,0.33333334,14.333333,0.33333334,172,4,69,6,n64,14.0,17.397135
14.5,0.25,14.5,0.25,174,3,61,1,n52,14.0,17.397135
14.666667,0.33333334,14.666667,0.33333334,176,4,57,6,n65,14.0,17.397135
14.75,0.25,14.75,0.25,177,3,62,1,n53,14.0,17.397135
15.0,2.0,15.0,2.0,180,24,64,1,n66,15.0,18.808594
15.333333,0.33333334,15.333333,0.33333334,184,4,50,6,n70,15.0,18.808594
15.666667,0.33333334,15.666667,0.33333334,188,4,57,6,n71,15.0,18.808594
16.0,0.33333334,16.0,0.33333334,192,4,67,6,n72,16.0,19.80599
16.0,0.33333334,16.0,0.33333334,192,4,69,6,n73,16.0,19.80599
16.333334,0.33333334,16.333334,0.33333334,196,4,62,6,n74,16.0,19.80599
16.666666,0.33333334,16.666666,0.33333334,200,4,57,6,n75,16.0,19.80599
17.0,1.0,17.0,1.0,204,12,66,1,n67,17.0,20.697918
17.333334,0.33333334,17.333334,0.33333334,208,4,60,6,n77,17.0,20.697918
17.333334,0.33333334,17.333334,0.33333334,208,4,69,6,n78,17.0,20.697918
17.333334,0.33333334,17.333334,0.33333334,208,4,74,6,n79,17.0,20.697918
17.666666,0.33333334,17.666666,0.33333334,212,4,50,6,n80,17.0,20.697918
18.0,2.0,18.0,2.0,216,24,67,1,n81,18.0,21.99349
18.0,0.5,18.0,0.5,216,6,59,2,n83,18.0,21.99349
18.333334,0.33333334,18.333334,0.33333334,220,4,38,6,n88,18.0,21.99349
18.666666,0.33333334,18.666666,0.33333334,224,4,59,6,n89,18.0,21.99349
19.0,0.33333334,19.0,0.33333334,228,4,74,6,n90,19.0,23.292969
19.333334,0.33333334,19.333334,0.33333334,232,4,62,6,n91,19.0,23.292969
19.666666,0.6666667,19.666666,0.6666667,236,8,59,6,n92,19.0,23.292969
20.0,1.0,20.0,1.0,240,12,66,1,n82,20.0,24.260418
20.333334,0.33333334,20.333334,0.33333334,244,4,58,6,n94,20.0,24.260418
20.666666,0.33333334,20.666666,0.33333334,248,4,62,6,n95,20.0,24.260418
21.0,2.0,21.0,2.0,252,24,67,1,n96,21.0,25.477865
21.0,0.5,21.0,0.5,252,6,59,2,n98,21.0,25.477865
21.333334,0.33333334,21.333334,0.33333334,256,4,50,6,n103,21.0,25.477865
21.666666,0.33333334,21.666666,0.33333334,260,4,59,6,n104,21.0,25.477865
22.0,0.33333334,22.0,0.33333334,264,4,74,6,n105,22.0,26.550781
22.333334,0.33333334,22.333334,0.33333334,268,4,62,6,n106,22.0,26.550781
22.666666,0.6666667,22.666666,0.6666667,272,8,59,6,n107,22.0,26.550781
23.0,1.0,23.0,1.0,276,12,62,1,n97,23.0,27.606771
23.333334,0.33333334,23.333334,0.33333334,280,4,55,6,n109,23.0,27.606771
23.666666,0.33333334,23.666666,0.33333334,284,4,54,6,n110,23.0,27.606771
24.0,2.0,24.0,2.0,288,24,64,1,n111,24.0,28.522135
24.0,0.5,24.0,0.5,288,6,55,2,n115,24.0,28.522135
24.0,0.5,24.0,0.5,288,6,59,2,n116,24.0,28.522135
24.0,0.33333334,24.0,0.33333334,288,4,38,6,n119,24.0,28.522135
24.333334,0.33333334,24.333334,0.33333334,292,4,55,6,n120,24.0,28.522135
24.666666,0.33333334,24.666666,0.33333334,296,4,59,6,n121,24.0,28.522135
25.0,0.33333334,25.0,0.33333334,300,4,71,6,n122,25.0,29.535156
25.333334,0.33333334,25.333334,0.33333334,304,4,59,6,n123,25.0,29.535156
25.666666,0.33333334,25.666666,0.33333334,308,4,55,6,n124,25.0,29.535156
26.0,0.5,26.0,0.5,312,6,66,1,n112,26.0,30.360678
26.0,0.5,26.0,0.5,312,6,60,2,n117,26.0,30.360678
26.333334,0.33333334,26.333334,0.33333334,316,4,57,6,n126,26.0,30.360678
26.333334,0.33333334,26.333334,0.33333334,316,4,62,6,n127,26.0,30.360678
26.5,0.25,26.5,0.25,318,3,64,1,n113,26.0,30.360678
26.666666,0.33333334,26.666666,0.33333334,320,4,72,6,n128,26.0,30.360678
26.75,0.25,26.75,0.25,321,3,66,1,n114,26.0,30.360678
27.0,2.0,27.0,2.0,324,24,67,1,n129,27.0,31.419271
27.0,1.0,27.0,1.0,324,12,59,2,n131,27.0,31.419271
27.0,1.0,27.0,1.0,324,12,62,2,n132,27.0,31.419271
27.333334,0.33333334,27.333334,0.33333334,328,4,50,6,n137,27.0,31.419271
27.666666,0.33333334,27.666666,0.33333334,332,4,59,6,n138,27.0,31.419271
28.0,0.33333334,28.0,0.33333334,336,4,74,6,n139,28.0,32.286457
28.333334,0.33333334,28.333334,0.33333334,340,4,62,6,n140,28.0,32.286457
28.666666,0.33333334,28.666666,0.33333334,344,4,59,6,n141,28.0,32.286457
29.0,1.0,29.0,1.0,348,12,68,1,n130,29.0,33.122395
29.0,1.0,29.0,1.0,348,12,62,2,n133,29.0,33.122395
29.0,1.0,29.0,1.0,348,12,65,2,n134,29.0,33.122395
29.333334,0.33333334,29.333334,0.33333334,352,4,59,6,n143,29.0,33.122395
29.666666,0.33333334,29.666666,0.33333334,356,4,60,6,n144,29.0,33.122395
30.0,2.0,30.0,2.0,360,24,69,1,n145,30.0,34.6019
30.0,1.0,30.0,1.0,360,12,57,2,n147,30.0,34.6019
30.0,1.0,30.0,1.0,360,12,61,2,n148,30.0,34.6019
30.0,1.0,30.0,1.0,360,12,66,2,n149,30.0,34.6019
30.0,0.33333334,30.0,0.33333334,360,4,33,6,n153,30.0,34.6019
30.333334,0.33333334,30.333334,0.33333334,364,4,49,6,n154,30.0,34.6019
30.333334,0.33333334,30.333334,0.33333334,364,4,57,6,n155,30.0,34.6019
30.666666,0.33333334,30.666666,0.33333334,368,4,61,6,n156,30.0,34.6019
31.0,0.33333334,31.0,0.33333334,372,4,73,6,n157,31.0,36.14453
31.333334,0.33333334,31.333334,0.33333334,376,4,66,6,n158,31.0,36.14453
31.666666,0.33333334,31.666666,0.33333334,380,4,57,6,n159,31.0,36.14453
32.0,1.0,32.0,1.0,384,12,68,1,n146,32.0,37.10026
32.0,1.0,32.0,1.0,384,12,62,2,n150,32.0,37.10026
32.0,1.0,32.0,1.0,384,12,65,2,n151,32.0,37.10026
32.333332,0.33333334,32.333332,0.33333334,388,4,59,6,n161,32.0,37.10026
32.666668,0.33333334,32.666668,0.33333334,392,4,74,6,n162,32.0,37.10026
33.0,2.3333333,33.0,2.3333333,396,28,69,1,n163,33.0,38.407852
33.0,1.0,33.0,1.0,396,12,57,2,n167,33.0,38.407852
33.0,1.0,33.0,1.0,396,12,61,2,n168,33.0,38.407852
33.0,1.0,33.0,1.0,396,12,66,2,n169,33.0,38.407852
33.0,0.33333334,33.0,0.33333334,396,4,42,6,n173,33.0,38.407852
33.0,0.33333334,33.0,0.33333334,396,4,49,6,n174,33.0,38.407852
33.333332,0.33333334,33.333332,0.33333334,400,4,57,6,n175,33.0,38.407852
33.666668,0.33333334,33.666668,0.33333334,404,4,61,6,n176,33.0,38.407852
34.0,0.33333334,34.0,0.33333334,408,4,73,6,n177,34.0,39.68099
34.333332,0.33333334,34.333332,0.33333334,412,4,66,6,n178,34.0,39.68099
34.666668,0.33333334,34.666668,0.33333334,416,4,57,6,n179,34.0,39.68099
35.0,1.0,35.0,1.0,420,12,58,2,n170,35.0,41.161457
35.0,1.0,35.0,1.0,420,12,62,2,n171,35.0,41.161457
35.333332,0.5,35.333332,0.5,424,6,68,1,n165,35.0,41.161457
35.333332,0.33333334,35.333332,0.33333334,424,4,50,6,n181,35.0,41.161457
35.666668,0.33333334,35.666668,0.33333334,428,4,43,6,n182,35.0,41.161457
35.833332,0.16666667,35.833332,0.16666667,430,2,66,1,n166,35.0,41.161457
36.0,2.0,36.0,2.0,432,24,66,1,n183,36.0,43.522137
36.0,1.0,36.0,1.0,432,12,54,2,n185,36.0,43.522137
36.0,1.0,36.0,1.0,432,12,62,2,n186,36.0,43.522137
36.333332,0.33333334,36.333332,0.33333334,436,4,38,6,n191,36.0,43.522137
36.666668,0.33333334,36.666668,0.33333334,440,4,57,6,n192,36.0,43.522137
37.0,0.33333334,37.0,0.33333334,444,4,69,6,n193,37.0,44.872395
37.333332,0.33333334,37.333332,0.33333334,448,4,62,6,n194,37.0,44.872395
37.666668,0.33333334,37.666668,0.33333334,452,4,57,6,n195,37.0,44.872395
38.0,1.0,38.0,1.0,456,12,64,1,n184,38.0,45.858074
38.0,1.0,38.0,1.0,456,12,58,2,n187,38.0,45.858074
38.0,1.0,38.0,1.0,456,12,61,2,n188,38.0,45.858074
38.333332,0.33333334,38.333332,0.33333334,460,4,70,6,n197,38.0,45.858074
38.666668,0.33333334,38.666668,0.33333334,464,4,55,6,n198,38.0,45.858074
39.0,2.0,39.0,2.0,468,24,66,1,n199,39.0,47.07552
39.0,1.0,39.0,1.0,468,12,57,2,n202,39.0,47.07552
39.0,1.0,39.0,1.0,468,12,62,2,n203,39.0,47.07552
39.333332,0.33333334,39.333332,0.33333334,472,4,38,6,n207,39.0,47.07552
39.666668,0.33333334,39.666668,0.33333334,476,4,57,6,n208,39.0,47.07552
40.0,0.33333334,40.0,0.33333334,480,4,69,6,n209,40.0,48.179688
40.333332,0.33333334,40.333332,0.33333334,484,4,62,6,n210,40.0,48.179688
40.666668,0.33333334,40.666668,0.33333334,488,4,57,6,n211,40.0,48.179688
41.0,0.6666667,41.0,0.6666667,492,8,64,1,n200,41.0,49.45703
41.0,1.0,41.0,1.0,492,12,61,2,n204,41.0,49.45703
41.0,0.33333334,41.0,0.33333334,492,4,55,6,n212,41.0,49.45703
41.333332,0.33333334,41.333332,0.33333334,496,4,46,6,n213,41.0,49.45703
41.666668,0.33333334,41.666668,0.33333334,500,4,66,1,n201,41.0,49.45703
42.0,1.5,42.0,1.5,504,18,62,1,n215,42.0,51.697918
42.0,1.0,42.0,1.0,504,12,54,2,n219,42.0,51.697918
42.0,1.0,42.0,1.0,504,12,59,2,n220,42.0,51.697918
42.333332,0.33333334,42.333332,0.33333334,508,4,35,6,n224,42.0,51.697918
42.666668,0.33333334,42.666668,0.33333334,512,4,54,6,n225,42.0,51.697918
43.0,0.33333334,43.0,0.33333334,516,4,62,6,n226,43.0,53.744793
43.333332,0.33333334,43.333332,0.33333334,520,4,59,6,n227,43.0,53.744793
43.5,0.5,43.5,0.5,522,6,66,1,n216,43.0,53.744793
43.666668,0.33333334,43.666668,0.33333334,524,4,54,6,n228,43.0,53.744793
44.0,0.5,44.0,0.5,528,6,69,1,n217,44.0,55.054035
44.0,1.0,44.0,1.0,528,12,62,2,n221,44.0,55.054035
44.0,0.33333334,44.0,0.33333334,528,4,42,6,n229,44.0,55.054035
44.0,0.33333334,44.0,0.33333334,528,4,57,6,n230,44.0,55.054035
44.333332,0.33333334,44.333332,0.33333334,532,4,50,6,n231,44.0,55.054035
44.5,0.5,44.5,0.5,534,6,74,1,n218,44.0,55.054035
44.666668,0.33333334,44.666668,0.33333334,536,4,42,6,n232,44.0,55.054035
45.0,2.0,45.0,2.0,540,24,61,1,n233,45.0,57.059246
45.0,2.0,45.0,2.0,540,24,62,1,n234,45.0,57.059246
45.0,2.0,45.0,2.0,540,24,69,1,n235,45.0,57.059246
45.0,2.0,45.0,2.0,540,24,73,1,n236,45.0,57.059246
45.0,0.33333334,45.0,0.33333334,540,4,28,6,n242,45.0,57.059246
45.0,0.33333334,45.0,0.33333334,540,4,40,6,n243,45.0,57.059246
45.333332,0.33333334,45.333332,0.33333334,544,4,47,6,n244,45.0,57.059246
45.666668,0.33333334,45.666668,0.33333334,548,4,62,6,n245,45.0,57.059246
46.0,0.33333334,46.0,0.33333334,552,4,69,6,n246,46.0,59.01953
46.333332,0.33333334,46.333332,0.33333334,556,4,62,6,n247,46.0,59.01953
46.666668,0.33333334,46.666668,0.33333334,560,4,55,6,n248,46.0,59.01953
47.0,1.0,47.0,1.0,564,12,59,1,n237,47.0,60.21745
47.0,1.0,47.0,1.0,564,12,62,1,n238,47.0,60.21745
47.0,1.0,47.0,1.0,564,12,67,1,n239,47.0,60.21745
47.0,1.0,47.0,1.0,564,12,71,1,n240,47.0,60.21745
47.0,0.33333334,47.0,0.33333334,564,4,54,6,n249,47.0,60.21745
47.333332,0.33333334,47.333332,0.33333334,568,4,52,6,n250,47.0,60.21745
47.666668,0.33333334,47.666668,0.33333334,572,4,62,6,n251,47.0,60.21745
48.0,6.0,48.0,6.0,576,72,64,1,n252,48.0,61.551434
48.0,4.0,48.0,4.0,576,48,55,2,n253,48.0,61.551434
48.0,4.0,48.0,4.0,576,48,59,2,n254,48.0,61.551434
48.0,4.0,48.0,4.0,576,48,62,2,n255,48.0,61.551434
48.333332,0.33333334,48.333332,0.33333334,580,4,33,6,n258,48.0,61.551434
48.666668,0.33333334,48.666668,0.33333334,584,4,52,6,n259,48.0,61.551434
49.0,0.33333334,49.0,0.33333334,588,4,59,6,n260,49.0,62.95052
49.333332,0.33333334,49.333332,0.33333334,592,4,62,6,n261,49.0,62.95052
49.666668,0.33333334,49.666668,0.33333334,596,4,66,6,n262,49.0,62.95052
50.0,0.33333334,50.0,0.33333334,600,4,69,6,n263,50.0,64.01172
50.333332,0.33333334,50.333332,0.33333334,604,4,67,6,n264,50.0,64.01172
50.666668,0.33333334,50.666668,0.33333334,608,4,66,6,n265,50.0,64.01172
51.0,0.33333334,51.0,0.33333334,612,4,64,6,n273,51.0,65.020836
51.333332,0.33333334,51.333332,0.33333334,616,4,62,6,n274,51.0,65.020836
51.666668,0.33333334,51.666668,0.33333334,620,4,59,6,n275,51.0,65.020836
52.0,2.0,52.0,2.0,624,24,55,2,n270,52.0,66.27474
52.0,2.0,52.0,2.0,624,24,61,2,n271,52.0,66.27474
52.0,0.33333334,52.0,0.33333334,624,4,57,6,n276,52.0,66.27474
52.333332,0.33333334,52.333332,0.33333334,628,4,54,6,n277,52.0,66.27474
52.666668,0.33333334,52.666668,0.33333334,632,4,52,6,n278,52.0,66.27474
53.0,0.33333334,53.0,0.33333334,636,4,47,6,n279,53.0,67.53906
53.333332,0.33333334,53.333332,0.33333334,640,4,49,6,n280,53.0,67.53906
53.666668,0.33333334,53.666668,0.33333334,644,4,45,6,n281,53.0,67.53906
54.0,2.0,54.0,2.0,648,24,54,2,n290,54.0,69.55714
54.0,2.0,54.0,2.0,648,24,62,2,n291,54.0,69.55714
54.0,2.0,54.0,2.0,648,24,66,2,n292,54.0,69.55714
54.0,0.5,54.0,0.5,648,6,38,6,n295,54.0,69.55714
54.333332,0.33333334,54.333332,0.33333334,652,4,74,1,n282,54.0,69.55714
54.5,0.5,54.5,0.5,654,6,45,6,n296,54.0,69.55714
54.666668,0.33333334,54.666668,0.33333334,656,4,73,1,n283,54.0,69.55714
55.0,0.33333334,55.0,0.33333334,660,4,71,1,n284,55.0,71.16862
55.0,0.5,55.0,0.5,660,6,54,6,n297,55.0,71.16862
55.333332,0.33333334,55.333332,0.33333334,664,4,69,1,n285,55.0,71.16862
55.5,0.5,55.5,0.5,666,6,62,6,n298,55.0,71.16862
55.666668,0.33333334,55.666668,0.33333334,668,4,71,1,n286,55.0,71.16862
56.0,0.33333334,56.0,0.33333334,672,4,73,1,n287,56.0,72.083336
56.0,1.0,56.0,1.0,672,12,64,2,n293,56.0,72.083336
56.0,0.5,56.0,0.5,672,6,55,6,n299,56.0,72.083336
56.333332,0.33333334,56.333332,0.33333334,676,4,71,1,n288,56.0,72.083336
56.5,0.5,56.5,0.5,678,6,45,6,n300,56.0,72.083336
56.666668,0.33333334,56.666668,0.33333334,680,4,73,1,n289,56.0,72.083336
57.0,2.0,57.0,2.0,684,24,54,2,n309,57.0,73.083336
57.0,2.0,57.0,2.0,684,24,62,2,n310,57.0,73.083336
57.0,2.0,57.0,2.0,684,24,66,2,n311,57.0,73.083336
57.0,0.5,57.0,0.5,684,6,38,6,n314,57.0,73.083336
57.333332,0.33333334,57.333332,0.33333334,688,4,74,1,n301,57.0,73.083336
57.5,0.5,57.5,0.5,690,6,45,6,n315,57.0,73.083336
57.666668,0.33333334,57.666668,0.33333334,692,4,73,1,n302,57.0,73.083336
58.0,0.33333334,58.0,0.33333334,696,4,71,1,n303,58.0,74.15039
58.0,0.5,58.0,0.5,696,6,54,6,n316,58.0,74.15039
58.333332,0.33333334,58.333332,0.33333334,700,4,69,1,n304,58.0,74.15039
58.5,0.5,58.5,0.5,702,6,62,6,n317,58.0,74.15039
58.666668,0.33333334,58.666668,0.33333334,704,4,66,1,n305,58.0,74.15039
59.0,0.33333334,59.0,0.33333334,708,4,67,1,n306,59.0,75.095055
59.0,1.0,59.0,1.0,708,12,59,2,n312,59.0,75.095055
59.0,0.5,59.0,0.5,708,6,54,6,n318,59.0,75.095055
59.333332,0.33333334,59.333332,0.33333334,712,4,66,1,n307,59.0,75.095055
59.5,0.5,59.5,0.5,714,6,45,6,n319,59.0,75.095055
59.666668,0.33333334,59.666668,0.33333334,716,4,67,1,n308,59.0,75.095055
60.0,2.0,60.0,2.0,720,24,55,2,n328,60.0,75.99479
60.0,2.0,60.0,2.0,720,24,61,2,n329,60.0,75.99479
60.0,0.5,60.0,0.5,720,6,38,6,n334,60.0,75.99479
60.333332,0.33333334,60.333332,0.33333334,724,4,69,1,n320,60.0,75.99479
60.5,0.5,60.5,0.5,726,6,45,6,n335,60.0,75.99479
60.666668,0.33333334,60.666668,0.33333334,728,4,67,1,n321,60.0,75.99479
61.0,0.33333334,61.0,0.33333334,732,4,64,1,n322,61.0,76.88737
61.0,0.5,61.0,0.5,732,6,55,6,n336,61.0,76.88737
61.333332,0.33333334,61.333332,0.33333334,736,4,67,1,n323,61.0,76.88737
61.5,0.5,61.5,0.5,738,6,61,6,n337,61.0,76.88737
61.666668,0.33333334,61.666668,0.33333334,740,4,69,1,n324,61.0,76.88737
62.0,0.33333334,62.0,0.33333334,744,4,71,1,n325,62.0,77.75521
62.0,0.5,62.0,0.5,744,6,62,2,n330,62.0,77.75521
62.0,0.5,62.0,0.5,744,6,54,6,n338,62.0,77.75521
62.333332,0.33333334,62.333332,0.33333334,748,4,69,1,n326,62.0,77.75521
62.5,0.25,62.5,0.25,750,3,61,2,n331,62.0,77.75521
62.5,0.5,62.5,0.5,750,6,45,6,n339,62.0,77.75521
62.666668,0.33333334,62.666668,0.33333334,752,4,71,1,n327,62.0,77.75521
62.75,0.25,62.75,0.25,753,3,62,2,n332,62.0,77.75521
63.0,2.0,63.0,2.0,756,24,55,2,n348,63.0,78.99414
63.0,2.0,63.0,2.0,756,24,61,2,n349,63.0,78.99414
63.0,2.0,63.0,2.0,756,24,64,2,n350,63.0,78.99414
63.0,0.5,63.0,0.5,756,6,38,6,n354,63.0,78.99414
63.333332,0.33333334,63.333332,0.33333334,760,4,73,1,n340,63.0,78.99414
63.5,0.5,63.5,0.5,762,6,45,6,n355,63.0,78.99414
63.666668,0.33333334,63.666668,0.33333334,764,4,71,1,n341,63.0,78.99414
64.0,0.33333334,64.0,0.33333334,768,4,69,1,n342,64.0,79.98307
64.0,0.5,64.0,0.5,768,6,55,6,n356,64.0,79.98307
64.333336,0.33333334,64.333336,0.33333334,772,4,71,1,n343,64.0,79.98307
64.5,0.5,64.5,0.5,774,6,61,6,n357,64.0,79.98307
64.666664,0.33333334,64.666664,0.33333334,776,4,73,1,n344,64.0,79.98307
65.0,0.33333334,65.0,0.33333334,780,4,74,1,n345,65.0,80.88932
65.0,0.6666667,65.0,0.6666667,780,8,66,2,n351,65.0,80.88932
65.0,0.5,65.0,0.5,780,6,60,6,n358,65.0,80.88932
65.333336,0.33333334,65.333336,0.33333334,784,4,73,1,n346,65.0,80.88932
65.5,0.5,65.5,0.5,786,6,50,6,n359,65.0,80.88932
65.666664,0.33333334,65.666664,0.33333334,788,4,74,1,n347,65.0,80.88932
65.666664,0.33333334,65.666664,0.33333334,788,4,71,2,n352,65.0,80.88932
66.0,2.0,66.0,2.0,792,24,59,2,n368,66.0,82.23698
66.0,2.0,66.0,2.0,792,24,62,2,n369,66.0,82.23698
66.0,2.0,66.0,2.0,792,24,67,2,n370,66.0,82.23698
66.333336,0.33333334,66.333336,0.33333334,796,4,76,1,n360,66.0,82.23698
66.5,0.5,66.5,0.5,798,6,38,6,n374,66.0,82.23698
66.666664,0.33333334,66.666664,0.33333334,800,4,74,1,n361,66.0,82.23698
67.0,0.33333334,67.0,0.33333334,804,4,71,1,n362,67.0,83.296875
67.0,0.5,67.0,0.5,804,6,62,6,n375,67.0,83.296875
67.333336,0.33333334,67.333336,0.33333334,808,4,73,1,n363,67.0,83.296875
67.5,0.5,67.5,0.5,810,6,59,6,n376,67.0,83.296875
67.666664,0.33333334,67.666664,0.33333334,812,4,74,1,n364,67.0,83.296875
68.0,0.33333334,68.0,0.33333334,816,4,74,1,n365,68.0,84.17643
68.0,1.0,68.0,1.0,816,12,66,2,n371,68.0,84.17643
68.0,0.5,68.0,0.5,816,6,58,6,n377,68.0,84.17643
68.333336,0.33333334,68.333336,0.33333334,820,4,73,1,n366,68.0,84.17643
68.5,0.5,68.5,0.5,822,6,50,6,n378,68.0,84.17643
68.666664,0.33333334,68.666664,0.33333334,824,4,74,1,n367,68.0,84.17643
69.0,2.0,69.0,2.0,828,24,59,2,n388,69.0,85.21354
69.0,2.0,69.0,2.0,828,24,62,2,n389,69.0,85.21354
69.0,2.0,69.0,2.0,828,24,67,2,n390,69.0,85.21354
69.333336,0.33333334,69.333336,0.33333334,832,4,76,1,n380,69.0,85.21354
69.5,0.5,69.5,0.5,834,6,38,6,n395,69.0,85.21354
69.666664,0.33333334,69.666664,0.33333334,836,4,74,1,n381,69.0,85.21354
70.0,0.33333334,70.0,0.33333334,840,4,71,1,n382,70.0,86.05298
70.0,0.5,70.0,0.5,840,6,62,6,n396,70.0,86.05298
70.333336,0.33333334,70.333336,0.33333334,844,4,67,1,n383,70.0,86.05298
70.5,0.5,70.5,0.5,846,6,59,6,n397,70.0,86.05298
70.666664,0.33333334,70.666664,0.33333334,848,4,69,1,n384,70.0,86.05298
71.0,0.33333334,71.0,0.33333334,852,4,71,1,n385,71.0,86.87826
71.0,0.6666667,71.0,0.6666667,852,8,62,2,n391,71.0,86.87826
71.0,0.5,71.0,0.5,852,6,55,6,n398,71.0,86.87826
71.333336,0.33333334,71.333336,0.33333334,856,4,69,1,n386,71.0,86.87826
71.5,0.5,71.5,0.5,858,6,54,6,n399,71.0,86.87826
71.666664,0.33333334,71.666664,0.33333334,860,4,71,1,n387,71.0,86.87826
71.666664,0.33333334,71.666664,0.33333334,860,4,63,2,n392,71.0,86.87826
72.0,2.0,72.0,2.0,864,24,55,2,n409,72.0,87.8724
72.0,2.0,72.0,2.0,864,24,59,2,n410,72.0,87.8724
72.0,2.0,72.0,2.0,864,24,64,2,n411,72.0,87.8724
72.333336,0.33333334,72.333336,0.33333334,868,4,72,1,n401,72.0,87.8724
72.5,0.5,72.5,0.5,870,6,38,6,n415,72.0,87.8724
72.666664,0.33333334,72.666664,0.33333334,872,4,71,1,n402,72.0,87.8724
73.0,0.33333334,73.0,0.33333334,876,4,67,1,n403,73.0,88.77604
73.0,0.5,73.0,0.5,876,6,59,6,n416,73.0,88.77604
73.333336,0.33333334,73.333336,0.33333334,880,4,69,1,n404,73.0,88.77604
73.5,0.5,73.5,0.5,882,6,55,6,n417,73.0,88.77604
73.666664,0.33333334,73.666664,0.33333334,884,4,71,1,n405,73.0,88.77604
74.0,0.33333334,74.0,0.33333334,888,4,72,1,n406,74.0,89.551025
74.0,1.0,74.0,1.0,888,12,66,2,n412,74.0,89.551025
74.0,0.5,74.0,0.5,888,6,57,6,n418,74.0,89.551025
74.333336,0.33333334,74.333336,0.33333334,892,4,73,1,n407,74.0,89.551025
74.5,0.5,74.5,0.5,894,6,62,6,n419,74.0,89.551025
74.666664,0.33333334,74.666664,0.33333334,896,4,74,1,n408,74.0,89.551025
75.0,2.0,75.0,2.0,900,24,59,2,n429,75.0,90.39453
75.0,2.0,75.0,2.0,900,24,62,2,n430,75.0,90.39453
75.0,2.0,75.0,2.0,900,24,67,2,n431,75.0,90.39453
75.333336,0.33333334,75.333336,0.33333334,904,4,76,1,n421,75.0,90.39453
75.5,0.5,75.5,0.5,906,6,50,6,n437,75.0,90.39453
75.666664,0.33333334,75.666664,0.33333334,908,4,74,1,n422,75.0,90.39453
76.0,0.33333334,76.0,0.33333334,912,4,71,1,n423,76.0,91.22181
76.0,0.5,76.0,0.5,912,6,62,6,n438,76.0,91.22181
76.333336,0.33333334,76.333336,0.33333334,916,4,73,1,n424,76.0,91.22181
76.5,0.5,76.5,0.5,918,6,59,6,n439,76.0,91.22181
76.666664,0.33333334,76.666664,0.33333334,920,4,74,1,n425,76.0,91.22181
77.0,0.33333334,77.0,0.33333334,924,4,74,1,n426,77.0,92.05338
77.0,0.5,77.0,0.5,924,6,68,2,n432,77.0,92.05338
77.0,0.5,77.0,0.5,924,6,58,6,n440,77.0,92.05338
77.333336,0.33333334,77.333336,0.33333334,928,4,76,1,n427,77.0,92.05338
77.5,0.16666667,77.5,0.16666667,930,2,67,2,n433,77.0,92.05338
77.5,0.5,77.5,0.5,930,6,62,6,n441,77.0,92.05338
77.666664,0.33333334,77.666664,0.33333334,932,4,77,1,n428,77.0,92.05338
77.666664,0.33333334,77.666664,0.33333334,932,4,68,2,n434,77.0,92.05338
78.0,2.0,78.0,2.0,936,24,54,2,n451,78.0,93.45793
78.0,2.0,78.0,2.0,936,24,62,2,n452,78.0,93.45793
78.0,2.0,78.0,2.0,936,24,69,2,n453,78.0,93.45793
78.0,0.5,78.0,0.5,936,6,38,6,n456,78.0,93.45793
78.0,0.5,78.0,0.5,936,6,45,6,n457,78.0,93.45793
78.333336,0.33333334,78.333336,0.33333334,940,4,78,1,n443,78.0,93.45793
78.5,0.5,78.5,0.5,942,6,57,6,n458,78.0,93.45793
78.666664,0.33333334,78.666664,0.33333334,944,4,76,1,n444,78.0,93.45793
79.0,0.33333334,79.0,0.33333334,948,4,74,1,n445,79.0,94.7207
79.0,0.5,79.0,0.5,948,6,66,6,n459,79.0,94.7207
79.333336,0.33333334,79.333336,0.33333334,952,4,73,1,n446,79.0,94.7207
79.5,0.5,79.5,0.5,954,6,69,6,n460,79.0,94.7207
79.666664,0.33333334,79.666664,0.33333334,956,4,74,1,n447,79.0,94.7207
80.0,0.33333334,80.0,0.33333334,960,4,76,1,n448,80.0,95.58529
80.0,1.0,80.0,1.0,960,12,66,2,n454,80.0,95.58529
80.0,0.5,80.0,0.5,960,6,61,6,n461,80.0,95.58529
80.0,0.5,80.0,0.5,960,6,70,6,n462,80.0,95.58529
80.333336,0.33333334,80.333336,0.33333334,964,4,74,1,n449,80.0,95.58529
80.5,0.5,80.5,0.5,966,6,58,6,n463,80.0,95.58529
80.666664,0.33333334,80.666664,0.33333334,968,4,76,1,n450,80.0,95.58529
81.0,2.0,81.0,2.0,972,24,54,2,n473,81.0,96.65625
81.0,2.0,81.0,2.0,972,24,62,2,n474,81.0,96.65625
81.0,2.0,81.0,2.0,972,24,69,2,n475,81.0,96.65625
81.0,0.5,81.0,0.5,972,6,38,6,n480,81.0,96.65625
81.0,0.5,81.0,0.5,972,6,45,6,n481,81.0,96.65625
81.333336,0.33333334,81.333336,0.33333334,976,4,78,1,n465,81.0,96.65625
81.5,0.5,81.5,0.5,978,6,57,6,n482,81.0,96.65625
81.666664,0.33333334,81.666664,0.33333334,980,4,76,1,n466,81.0,96.65625
82.0,0.33333334,82.0,0.33333334,984,4,74,1,n467,82.0,97.947266
82.0,0.5,82.0,0.5,984,6,66,6,n483,82.0,97.947266
82.333336,0.33333334,82.333336,0.33333334,988,4,73,1,n468,82.0,97.947266
82.5,0.5,82.5,0.5,990,6,62,6,n484,82.0,97.947266
82.666664,0.33333334,82.666664,0.33333334,992,4,71,1,n469,82.0,97.947266
83.0,0.33333334,83.0,0.33333334,996,4,73,1,n470,83.0,99.16537
83.0,0.33333334,83.0,0.33333334,996,4,67,2,n476,83.0,99.16537
83.0,0.5,83.0,0.5,996,6,64,6,n485,83.0,99.16537
83.333336,0.33333334,83.333336,0.33333334,1000,4,74,1,n471,83.0,99.16537
83.333336,0.33333334,83.333336,0.33333334,1000,4,66,2,n477,83.0,99.16537
83.5,0.5,83.5,0.5,1002,6,58,6,n486,83.0,99.16537
83.666664,0.33333334,83.666664,0.33333334,1004,4,76,1,n472,83.0,99.16537
83.666664,0.33333334,83.666664,0.33333334,1004,4,67,2,n478,83.0,99.16537
84.0,2.0,84.0,2.0,1008,24,54,2,n496,84.0,100.80232
84.0,2.0,84.0,2.0,1008,24,59,2,n497,84.0,100.80232
84.0,2.0,84.0,2.0,1008,24,62,2,n498,84.0,100.80232
84.0,2.0,84.0,2.0,1008,24,66,2,n499,84.0,100.80232
84.0,0.5,84.0,0.5,1008,6,35,6,n502,84.0,100.80232
84.333336,0.33333334,84.333336,0.33333334,1012,4,74,1,n488,84.0,100.80232
84.5,0.5,84.5,0.5,1014,6,54,6,n503,84.0,100.80232
84.666664,0.33333334,84.666664,0.33333334,1016,4,73,1,n489,84.0,100.80232
85.0,0.33333334,85.0,0.33333334,1020,4,71,1,n490,85.0,102.17904
85.0,0.5,85.0,0.5,1020,6,62,6,n504,85.0,102.17904
85.333336,0.33333334,85.333336,0.33333334,1024,4,70,1,n491,85.0,102.17904
85.5,0.5,85.5,0.5,1026,6,66,6,n505,85.0,102.17904
85.666664,0.33333334,85.666664,0.33333334,1028,4,71,1,n492,85.0,102.17904
86.0,0.33333334,86.0,0.33333334,1032,4,73,1,n493,86.0,103.12174
86.0,1.0,86.0,1.0,1032,12,64,2,n500,86.0,103.12174
86.0,0.5,86.0,0.5,1032,6,58,6,n506,86.0,103.12174
86.0,0.5,86.0,0.5,1032,6,67,6,n507,86.0,103.12174
86.333336,0.33333334,86.333336,0.33333334,1036,4,71,1,n494,86.0,103.12174
86.5,0.5,86.5,0.5,1038,6,55,6,n508,86.0,103.12174
86.666664,0.33333334,86.666664,0.33333334,1040,4,73,1,n495,86.0,103.12174
87.0,2.0,87.0,2.0,1044,24,54,2,n518,87.0,104.134766
87.0,2.0,87.0,2.0,1044,24,59,2,n519,87.0,104.134766
87.0,2.0,87.0,2.0,1044,24,62,2,n520,87.0,104.134766
87.0,2.0,87.0,2.0,1044,24,66,2,n521,87.0,104.134766
87.0,0.5,87.0,0.5,1044,6,35,6,n526,87.0,104.134766
87.333336,0.33333334,87.333336,0.33333334,1048,4,74,1,n510,87.0,104.134766
87.5,0.5,87.5,0.5,1050,6,54,6,n527,87.0,104.134766
87.666664,0.33333334,87.666664,0.33333334,1052,4,73,1,n511,87.0,104.134766
88.0,0.33333334,88.0,0.33333334,1056,4,71,1,n512,88.0,105.21354
88.0,0.5,88.0,0.5,1056,6,62,6,n528,88.0,105.21354
88.333336,0.33333334,88.333336,0.33333334,1060,4,70,1,n513,88.0,105.21354
88.5,0.5,88.5,0.5,1062,6,59,6,n529,88.0,105.21354
88.666664,0.33333334,88.666664,0.33333334,1064,4,71,1,n514,88.0,105.21354
89.0,0.33333334,89.0,0.33333334,1068,4,72,1,n515,89.0,106.40365
89.0,0.5,89.0,0.5,1068,6,63,2,n522,89.0,106.40365
89.0,0.5,89.0,0.5,1068,6,57,6,n530,89.0,106.40365
89.333336,0.33333334,89.333336,0.33333334,1072,4,71,1,n516,89.0,106.40365
89.5,0.16666667,89.5,0.16666667,1074,2,62,2,n523,89.0,106.40365
89.5,0.5,89.5,0.5,1074,6,42,6,n531,89.0,106.40365
89.666664,0.33333334,89.666664,0.33333334,1076,4,72,1,n517,89.0,106.40365
89.666664,0.33333334,89.666664,0.33333334,1076,4,63,2,n524,89.0,106.40365
90.0,1.5,90.0,1.5,1080,18,50,2,n539,90.0,108.44336
90.0,1.5,90.0,1.5,1080,18,55,2,n540,90.0,108.44336
90.0,1.5,90.0,1.5,1080,18,58,2,n541,90.0,108.44336
90.0,1.5,90.0,1.5,1080,18,62,2,n542,90.0,108.44336
90.0,0.5,90.0,0.5,1080,6,31,6,n554,90.0,108.44336
90.0,0.5,90.0,0.5,1080,6,43,6,n555,90.0,108.44336
90.333336,0.33333334,90.333336,0.33333334,1084,4,70,1,n533,90.0,108.44336
90.5,0.5,90.5,0.5,1086,6,50,6,n556,90.0,108.44336
90.666664,0.33333334,90.666664,0.33333334,1088,4,67,1,n534,90.0,108.44336
91.0,0.6666667,91.0,0.6666667,1092,8,62,1,n535,91.0,110.37109
91.0,0.33333334,91.0,0.33333334,1092,4,62,5,n548,91.0,110.37109
91.333336,0.33333334,91.333336,0.33333334,1096,4,60,5,n549,91.0,110.37109
91.666664,0.33333334,91.666664,0.33333334,1100,4,67,1,n536,91.0,110.37109
91.666664,1.3333334,91.666664,1.3333334,1100,16,67,2,n544,91.0,110.37109
91.666664,0.33333334,91.666664,0.33333334,1100,4,59,5,n550,91.0,110.37109
92.0,0.5,92.0,0.5,1104,6,70,1,n537,92.0,111.470055
92.0,1.0,92.0,1.0,1104,12,62,2,n545,92.0,111.470055
92.0,0.33333334,92.0,0.33333334,1104,4,55,5,n551,92.0,111.470055
92.333336,0.33333334,92.333336,0.33333334,1108,4,50,5,n552,92.0,111.470055
92.5,0.5,92.5,0.5,1110,6,74,1,n538,92.0,111.470055
92.666664,0.33333334,92.666664,0.33333334,1112,4,43,5,n553,92.0,111.470055
93.0,2.0,93.0,2.0,1116,24,60,1,n558,93.0,113.08529
93.0,2.0,93.0,2.0,1116,24,62,1,n559,93.0,113.08529
93.0,2.0,93.0,2.0,1116,24,69,1,n560,93.0,113.08529
93.0,2.0,93.0,2.0,1116,24,72,1,n561,93.0,113.08529
93.0,2.0,93.0,2.0,1116,24,28,7,n579,93.0,113.08529
93.0,2.0,93.0,2.0,1116,24,40,7,n580,93.0,113.08529
93.333336,0.33333334,93.333336,0.33333334,1120,4,74,2,n563,93.0,113.08529
93.5,0.5,93.5,0.5,1122,6,50,6,n572,93.0,113.08529
93.666664,0.33333334,93.666664,0.33333334,1124,4,78,2,n564,93.0,113.08529
94.0,0.33333334,94.0,0.33333334,1128,4,79,2,n565,94.0,114.663414
94.0,0.5,94.0,0.5,1128,6,55,6,n573,94.0,114.663414
94.333336,0.33333334,94.333336,0.33333334,1132,4,81,2,n566,94.0,114.663414
94.5,0.5,94.5,0.5,1134,6,62,6,n574,94.0,114.663414
94.666664,0.33333334,94.666664,0.33333334,1136,4,79,2,n567,94.0,114.663414
95.0,0.6666667,95.0,0.6666667,1140,8,58,6,n575,95.0,115.69531
95.0,0.6666667,95.0,0.6666667,1140,8,67,6,n576,95.0,115.69531
95.0,0.6666667,95.0,0.6666667,1140,8,70,6,n577,95.0,115.69531
95.333336,0.33333334,95.333336,0.33333334,1144,4,74,2,n568,95.0,115.69531
95.666664,0.33333334,95.666664,0.33333334,1148,4,62,2,n569,95.0,115.69531
95.666664,0.33333334,95.666664,0.33333334,1148,4,52,6,n578,95.0,115.69531
96.0,3.0,96.0,3.0,1152,36,55,1,n582,96.0,117.22396
96.0,3.0,96.0,3.0,1152,36,58,1,n583,96.0,117.22396
96.0,3.0,96.0,3.0,1152,36,62,1,n584,96.0,117.22396
96.0,3.0,96.0,3.0,1152,36,64,1,n585,96.0,117.22396
96.0,3.0,96.0,3.0,1152,36,33,7,n599,96.0,117.22396
96.333336,0.33333334,96.333336,0.33333334,1156,4,74,2,n586,96.0,117.22396
96.5,0.5,96.5,0.5,1158,6,52,6,n595,96.0,117.22396
96.666664,0.33333334,96.666664,0.33333334,1160,4,70,2,n587,96.0,117.22396
97.0,0.33333334,97.0,0.33333334,1164,4,69,2,n588,97.0,118.69141
97.0,0.5,97.0,0.5,1164,6,55,6,n596,97.0,118.69141
97.333336,0.33333334,97.333336,0.33333334,1168,4,67,2,n589,97.0,118.69141
97.5,0.5,97.5,0.5,1170,6,64,6,n597,97.0,118.69141
97.666664,0.33333334,97.666664,0.33333334,1172,4,69,2,n590,97.0,118.69141
98.0,0.33333334,98.0,0.33333334,1176,4,70,2,n591,98.0,119.64127
98.0,1.0,98.0,1.0,1176,12,62,6,n598,98.0,119.64127
98.333336,0.33333334,98.333336,0.33333334,1180,4,67,2,n592,98.0,119.64127
98.666664,2.8333333,98.666664,2.8333333,1184,34,64,2,n593,98.0,119.64127
99.0,0.33333334,99.0,0.33333334,1188,4,62,2,n603,99.0,120.751305
99.333336,0.33333334,99.333336,0.33333334,1192,4,64,2,n604,99.0,120.751305
99.666664,0.33333334,99.666664,0.33333334,1196,4,62,2,n605,99.0,120.751305
100.0,2.0,100.0,2.0,1200,24,55,2,n606,100.0,122.05729
100.0,2.0,100.0,2.0,1200,24,61,2,n607,100.0,122.05729
100.333336,0.33333334,100.333336,0.33333334,1204,4,57,6,n611,100.0,122.05729
100.666664,0.33333334,100.666664,0.33333334,1208,4,54,6,n612,100.0,122.05729
101.0,0.33333334,101.0,0.33333334,1212,4,52,6,n613,101.0,123.35287
101.333336,0.33333334,101.333336,0.33333334,1216,4,45,6,n614,101.0,123.35287
101.5,0.5,101.5,0.5,1218,6,62,1,n602,101.0,123.35287
101.666664,0.33333334,101.666664,0.33333334,1220,4,33,6,n615,101.0,123.35287
102.0,3.0,102.0,3.0,1224,36,54,2,n621,102.0,125.44922
102.0,3.0,102.0,3.0,1224,36,62,2,n622,102.0,125.44922
102.0,0.33333334,102.0,0.33333334,1224,4,38,6,n624,102.0,125.44922
102.333336,0.33333334,102.333336,0.33333334,1228,4,45,6,n625,102.0,125.44922
102.5,1.0,102.5,1.0,1230,12,66,1,n617,102.0,125.44922
102.666664,0.33333334,102.666664,0.33333334,1232,4,54,6,n626,102.0,125.44922
103.0,0.33333334,103.0,0.33333334,1236,4,57,6,n627,103.0,127.27865
103.333336,0.33333334,103.333336,0.33333334,1240,4,59,6,n628,103.0,127.27865
103.5,0.5,103.5,0.5,1242,6,64,1,n618,103.0,127.27865
103.666664,0.33333334,103.666664,0.33333334,1244,4,61,6,n629,103.0,127.27865
104.0,0.5,104.0,0.5,1248,6,66,1,n619,104.0,128.2845
104.0,0.33333334,104.0,0.33333334,1248,4,62,6,n630,104.0,128.2845
104.333336,0.33333334,104.333336,0.33333334,1252,4,57,6,n631,104.0,128.2845
104.5,0.5,104.5,0.5,1254,6,59,1,n620,104.0,128.2845
104.666664,0.33333334,104.666664,0.33333334,1256,4,55,6,n632,104.0,128.2845
105.0,0.5,105.0,0.5,1260,6,61,1,n633,105.0,129.1009
105.0,0.33333334,105.0,0.33333334,1260,4,54,6,n642,105.0,129.1009
105.333336,0.33333334,105.333336,0.33333334,1264,4,52,6,n643,105.0,129.1009
105.5,0.5,105.5,0.5,1266,6,62,1,n634,105.0,129.1009
105.666664,0.33333334,105.666664,0.33333334,1268,4,50,6,n644,105.0,129.1009
106.0,0.5,106.0,0.5,1272,6,66,1,n635,106.0,129.87305
106.0,0.33333334,106.0,0.33333334,1272,4,47,6,n645,106.0,129.87305
106.333336,0.33333334,106.333336,0.33333334,1276,4,45,6,n646,106.0,129.87305
106.5,0.5,106.5,0.5,1278,6,69,1,n636,106.0,129.87305
106.666664,0.6666667,106.666664,0.6666667,1280,8,42,6,n647,106.0,129.87305
107.0,0.5,107.0,0.5,1284,6,62,1,n637,107.0,130.68098
107.0,0.5,107.0,0.5,1284,6,71,1,n638,107.0,130.68098
107.333336,0.33333334,107.333336,0.33333334,1288,4,38,6,n649,107.0,130.68098
107.5,0.5,107.5,0.5,1290,6,64,1,n639,107.0,130.68098
107.5,0.5,107.5,0.5,1290,6,73,1,n640,107.0,130.68098
107.666664,0.33333334,107.666664,0.33333334,1292,4,37,6,n650,107.0,130.68098
108.0,1.5,108.0,1.5,1296,18,62,1,n651,108.0,131.6836
108.0,1.5,108.0,1.5,1296,18,71,1,n652,108.0,131.6836
108.0,1.5,108.0,1.5,1296,18,74,1,n653,108.0,131.6836
108.0,0.33333334,108.0,0.33333334,1296,4,35,6,n662,108.0,131.6836
108.333336,0.33333334,108.333336,0.33333334,1300,4,54,6,n663,108.0,131.6836
108.5,0.5,108.5,0.5,1302,6,78,2,n660,108.0,131.6836
108.666664,0.33333334,108.666664,0.33333334,1304,4,59,6,n664,108.0,131.6836
109.0,0.33333334,109.0,0.33333334,1308,4,66,6,n665,109.0,132.81511
109.333336,0.33333334,109.333336,0.33333334,1312,4,59,6,n666,109.0,132.81511
109.5,0.5,109.5,0.5,1314,6,64,1,n654,109.0,132.81511
109.5,0.5,109.5,0.5,1314,6,73,1,n655,109.0,132.81511
109.666664,0.33333334,109.666664,0.33333334,1316,4,54,6,n667,109.0,132.81511
110.0,0.5,110.0,0.5,1320,6,66,1,n656,110.0,133.58984
110.0,0.5,110.0,0.5,1320,6,74,1,n657,110.0,133.58984
110.333336,0.33333334,110.333336,0.33333334,1324,4,54,6,n669,110.0,133.58984
110.5,0.5,110.5,0.5,1326,6,61,1,n658,110.0,133.58984
110.5,0.5,110.5,0.5,1326,6,64,1,n659,110.0,133.58984
110.666664,0.33333334,110.666664,0.33333334,1328,4,47,6,n670,110.0,133.58984
111.0,0.5,111.0,0.5,1332,6,62,1,n671,111.0,134.24219
111.0,0.5,111.0,0.5,1332,6,66,1,n672,111.0,134.24219
111.0,0.33333334,111.0,0.33333334,1332,4,54,6,n685,111.0,134.24219
111.333336,0.33333334,111.333336,0.33333334,1336,4,59,6,n686,111.0,134.24219
111.5,0.5,111.5,0.5,1338,6,64,1,n673,111.0,134.24219
111.5,0.5,111.5,0.5,1338,6,73,1,n674,111.0,134.24219
111.666664,0.6666667,111.666664,0.6666667,1340,8,66,6,n687,111.0,134.24219
112.0,0.5,112.0,0.5,1344,6,64,1,n675,112.0,134.9056
112.0,0.5,112.0,0.5,1344,6,73,1,n676,112.0,134.9056
112.333336,0.33333334,112.333336,0.33333334,1348,4,59,6,n689,112.0,134.9056
112.5,1.0,112.5,1.0,1350,12,66,1,n677,112.0,134.9056
112.5,1.0,112.5,1.0,1350,12,74,1,n678,112.0,134.9056
112.666664,0.33333334,112.666664,0.33333334,1352,4,54,6,n690,112.0,134.9056
113.0,0.33333334,113.0,0.33333334,1356,4,52,6,n691,113.0,135.65105
113.333336,0.33333334,113.333336,0.33333334,1360,4,59,6,n692,113.0,135.65105
113.5,0.5,113.5,0.5,1362,6,62,1,n681,113.0,135.65105
113.5,0.5,113.5,0.5,1362,6,68,1,n682,113.0,135.65105
113.5,0.5,113.5,0.5,1362,6,76,1,n683,113.0,135.65105
113.666664,0.33333334,113.666664,0.33333334,1364,4,64,6,n693,113.0,135.65105
114.0,1.5,114.0,1.5,1368,18,61,1,n694,114.0,136.80078
114.0,1.5,114.0,1.5,1368,18,69,1,n695,114.0,136.80078
114.0,1.5,114.0,1.5,1368,18,73,1,n696,114.0,136.80078
114.0,1.5,114.0,1.5,1368,18,81,1,n697,114.0,136.80078
114.0,0.33333334,114.0,0.33333334,1368,4,33,6,n705,114.0,136.80078
114.333336,0.33333334,114.333336,0.33333334,1372,4,52,6,n706,114.0,136.80078
114.666664,0.33333334,114.666664,0.33333334,1376,4,57,6,n707,114.0,136.80078
115.0,0.33333334,115.0,0.33333334,1380,4,64,6,n708,115.0,138.3125
115.333336,0.33333334,115.333336,0.33333334,1384,4,57,6,n709,115.0,138.3125
115.5,0.5,115.5,0.5,1386,6,62,1,n698,115.0,138.3125
115.5,0.5,115.5,0.5,1386,6,71,1,n699,115.0,138.3125
115.666664,0.33333334,115.666664,0.33333334,1388,4,52,6,n710,115.0,138.3125
116.0,0.5,116.0,0.5,1392,6,64,1,n700,116.0,139.21875
116.0,0.5,116.0,0.5,1392,6,73,1,n701,116.0,139.21875
116.333336,0.33333334,116.333336,0.33333334,1396,4,52,6,n712,116.0,139.21875
116.5,0.5,116.5,0.5,1398,6,59,1,n702,116.0,139.21875
116.5,0.5,116.5,0.5,1398,6,62,1,n703,116.0,139.21875
116.666664,0.33333334,116.666664,0.33333334,1400,4,45,6,n713,116.0,139.21875
117.0,0.5,117.0,0.5,1404,6,61,1,n714,117.0,139.86198
117.0,0.5,117.0,0.5,1404,6,64,1,n715,117.0,139.86198
117.0,0.33333334,117.0,0.33333334,1404,4,52,6,n729,117.0,139.86198
117.333336,0.33333334,117.333336,0.33333334,1408,4,57,6,n730,117.0,139.86198
117.5,0.5,117.5,0.5,1410,6,62,1,n716,117.0,139.86198
117.5,0.5,117.5,0.5,1410,6,71,1,n717,117.0,139.86198
117.666664,0.6666667,117.666664,0.6666667,1412,8,64,6,n731,117.0,139.86198
118.0,0.5,118.0,0.5,1416,6,64,1,n718,118.0,140.5039
118.0,0.5,118.0,0.5,1416,6,73,1,n719,118.0,140.5039
118.0,2.0,118.0,2.0,1416,24,64,2,n727,118.0,140.5039
118.333336,0.33333334,118.333336,0.33333334,1420,4,57,6,n733,118.0,140.5039
118.5,0.5,118.5,0.5,1422,6,71,1,n720,118.0,140.5039
118.5,0.5,118.5,0.5,1422,6,74,1,n721,118.0,140.5039
118.666664,0.33333334,118.666664,0.33333334,1424,4,52,6,n734,118.0,140.5039
119.0,0.5,119.0,0.5,1428,6,71,1,n722,119.0,141.1888
119.0,0.5,119.0,0.5,1428,6,74,1,n723,119.0,141.1888
119.0,0.33333334,119.0,0.33333334,1428,4,52,6,n735,119.0,141.1888
119.333336,0.33333334,119.333336,0.33333334,1432,4,45,6,n736,119.0,141.1888
119.5,0.5,119.5,0.5,1434,6,73,1,n724,119.0,141.1888
119.5,0.5,119.5,0.5,1434,6,76,1,n725,119.0,141.1888
119.666664,0.33333334,119.666664,0.33333334,1436,4,40,6,n737,119.0,141.1888
120.0,1.5,120.0,1.5,1440,18,60,1,n738,120.0,142.125
120.0,1.5,120.0,1.5,1440,18,69,1,n739,120.0,142.125
120.0,1.5,120.0,1.5,1440,18,72,1,n740,120.0,142.125
120.0,0.33333334,120.0,0.33333334,1440,4,33,6,n749,120.0,142.125
120.333336,0.33333334,120.333336,0.33333334,1444,4,52,6,n750,120.0,142.125
120.5,0.5,120.5,0.5,1446,6,76,2,n747,120.0,142.125
120.666664,0.33333334,120.666664,0.33333334,1448,4,57,6,n751,120.0,142.125
121.0,0.33333334,121.0,0.33333334,1452,4,64,6,n752,121.0,143.16927
121.333336,0.33333334,121.333336,0.33333334,1456,4,57,6,n753,121.0,143.16927
121.5,0.5,121.5,0.5,1458,6,62,1,n741,121.0,143.16927
121.5,0.5,121.5,0.5,1458,6,71,1,n742,121.0,143.16927
121.666664,0.33333334,121.666664,0.33333334,1460,4,52,6,n754,121.0,143.16927
122.0,0.5,122.0,0.5,1464,6,64,1,n743,122.0,143.99348
122.0,0.5,122.0,0.5,1464,6,72,1,n744,122.0,143.99348
122.333336,0.33333334,122.333336,0.33333334,1468,4,52,6,n756,122.0,143.99348
122.5,0.5,122.5,0.5,1470,6,59,1,n745,122.0,143.99348
122.5,0.5,122.5,0.5,1470,6,62,1,n746,122.0,143.99348
122.666664,0.33333334,122.666664,0.33333334,1472,4,45,6,n757,122.0,143.99348
123.0,0.5,123.0,0.5,1476,6,60,1,n758,123.0,144.65495
123.0,0.5,123.0,0.5,1476,6,64,1,n759,123.0,144.65495
123.0,0.33333334,123.0,0.33333334,1476,4,52,6,n776,123.0,144.65495
123.333336,0.33333334,123.333336,0.33333334,1480,4,57,6,n777,123.0,144.65495
123.5,0.5,123.5,0.5,1482,6,62,1,n760,123.0,144.65495
123.5,0.5,123.5,0.5,1482,6,71,1,n761,123.0,144.65495
123.666664,0.6666667,123.666664,0.6666667,1484,8,64,6,n778,123.0,144.65495
124.0,0.5,124.0,0.5,1488,6,72,1,n762,124.0,145.36133
124.0,1.0,124.0,1.0,1488,12,64,2,n772,124.0,145.36133
124.333336,0.33333334,124.333336,0.33333334,1492,4,57,6,n780,124.0,145.36133
124.5,0.5,124.5,0.5,1494,6,71,1,n763,124.0,145.36133
124.5,0.5,124.5,0.5,1494,6,74,1,n764,124.0,145.36133
124.666664,0.33333334,124.666664,0.33333334,1496,4,52,6,n781,124.0,145.36133
125.0,0.5,125.0,0.5,1500,6,67,1,n765,125.0,146.21875
125.0,0.5,125.0,0.5,1500,6,72,1,n766,125.0,146.21875
125.0,0.5,125.0,0.5,1500,6,76,1,n767,125.0,146.21875
125.0,0.5,125.0,0.5,1500,6,64,2,n773,125.0,146.21875
125.0,0.33333334,125.0,0.33333334,1500,4,60,6,n782,125.0,146.21875
125.333336,0.33333334,125.333336,0.33333334,1504,4,52,6,n783,125.0,146.21875
125.5,0.5,125.5,0.5,1506,6,69,1,n768,125.0,146.21875
125.5,0.5,125.5,0.5,1506,6,72,1,n769,125.0,146.21875
125.5,0.5,125.5,0.5,1506,6,78,1,n770,125.0,146.21875
125.5,0.5,125.5,0.5,1506,6,66,2,n774,125.0,146.21875
125.666664,0.33333334,125.666664,0.33333334,1508,4,45,6,n784,125.0,146.21875
126.0,1.5,126.0,1.5,1512,18,67,1,n785,126.0,147.39519
126.0,1.5,126.0,1.5,1512,18,71,1,n786,126.0,147.39519
126.0,1.5,126.0,1.5,1512,18,76,1,n787,126.0,147.39519
126.0,1.5,126.0,1.5,1512,18,83,1,n788,126.0,147.39519
126.0,0.33333334,126.0,0.33333334,1512,4,31,6,n796,126.0,147.39519
126.0,0.33333334,126.0,0.33333334,1512,4,47,6,n797,126.0,147.39519
126.333336,0.33333334,126.333336,0.33333334,1516,4,55,6,n798,126.0,147.39519
126.666664,0.33333334,126.666664,0.33333334,1520,4,59,6,n799,126.0,147.39519
127.0,0.33333334,127.0,0.33333334,1524,4,64,6,n800,127.0,149.1289
127.333336,0.33333334,127.333336,0.33333334,1528,4,59,6,n801,127.0,149.1289
127.5,0.5,127.5,0.5,1530,6,66,1,n789,127.0,149.1289
127.5,0.5,127.5,0.5,1530,6,69,1,n790,127.0,149.1289
127.666664,0.33333334,127.666664,0.33333334,1532,4,55,6,n802,127.0,149.1289
128.0,0.5,128.0,0.5,1536,6,67,1,n791,128.0,149.8991
128.0,0.5,128.0,0.5,1536,6,71,1,n792,128.0,149.8991
128.33333,0.33333334,128.33333,0.33333334,1540,4,47,6,n804,128.0,149.8991
128.5,0.5,128.5,0.5,1542,6,57,1,n793,128.0,149.8991
128.5,0.5,128.5,0.5,1542,6,66,1,n794,128.0,149.8991
128.66667,0.33333334,128.66667,0.33333334,1544,4,40,6,n805,128.0,149.8991
129.0,0.5,129.0,0.5,1548,6,59,1,n806,129.0,150.64714
129.0,0.5,129.0,0.5,1548,6,67,1,n807,129.0,150.64714
129.0,0.33333334,129.0,0.33333334,1548,4,47,6,n821,129.0,150.64714
129.33333,0.33333334,129.33333,0.33333334,1552,4,52,6,n822,129.0,150.64714
129.5,0.5,129.5,0.5,1554,6,66,1,n808,129.0,150.64714
129.5,0.5,129.5,0.5,1554,6,69,1,n809,129.0,150.64714
129.66667,0.6666667,129.66667,0.6666667,1556,8,59,6,n823,129.0,150.64714
130.0,0.5,130.0,0.5,1560,6,66,1,n810,130.0,151.19856
130.0,0.5,130.0,0.5,1560,6,69,1,n811,130.0,151.19856
130.33333,0.33333334,130.33333,0.33333334,1564,4,52,6,n825,130.0,151.19856
130.5,1.5,130.5,1.5,1566,18,67,1,n812,130.0,151.19856
130.5,0.5,130.5,0.5,1566,6,71,1,n813,130.0,151.19856
130.66667,0.33333334,130.66667,0.33333334,1568,4,59,6,n826,130.0,151.19856
131.0,0.5,131.0,0.5,1572,6,69,1,n814,131.0,151.85417
131.0,0.5,131.0,0.5,1572,6,72,1,n815,131.0,151.85417
131.0,0.33333334,131.0,0.33333334,1572,4,64,6,n827,131.0,151.85417
131.33333,0.33333334,131.33333,0.33333334,1576,4,63,6,n828,131.0,151.85417
131.5,0.5,131.5,0.5,1578,6,71,1,n816,131.0,151.85417
131.5,0.5,131.5,0.5,1578,6,74,1,n817,131.0,151.85417
131.66667,0.33333334,131.66667,0.33333334,1580,4,62,6,n829,131.0,151.85417
132.0,1.5,132.0,1.5,1584,18,59,1,n830,132.0,152.76172
132.0,1.5,132.0,1.5,1584,18,67,1,n831,132.0,152.76172
132.0,1.5,132.0,1.5,1584,18,71,1,n832,132.0,152.76172
132.0,0.33333334,132.0,0.33333334,1584,4,31,6,n841,132.0,152.76172
132.0,0.33333334,132.0,0.33333334,1584,4,50,6,n842,132.0,152.76172
132.33333,0.33333334,132.33333,0.33333334,1588,4,50,6,n843,132.0,152.76172
132.5,0.5,132.5,0.5,1590,6,74,2,n839,132.0,152.76172
132.66667,0.33333334,132.66667,0.33333334,1592,4,55,6,n844,132.0,152.76172
133.0,0.33333334,133.0,0.33333334,1596,4,62,6,n845,133.0,153.79558
133.33333,0.33333334,133.33333,0.33333334,1600,4,55,6,n846,133.0,153.79558
133.5,0.5,133.5,0.5,1602,6,66,1,n833,133.0,153.79558
133.5,0.5,133.5,0.5,1602,6,69,1,n834,133.0,153.79558
133.66667,0.33333334,133.66667,0.33333334,1604,4,50,6,n847,133.0,153.79558
134.0,0.5,134.0,0.5,1608,6,67,1,n835,134.0,154.63347
134.0,0.5,134.0,0.5,1608,6,71,1,n836,134.0,154.63347
134.33333,0.33333334,134.33333,0.33333334,1612,4,50,6,n849,134.0,154.63347
134.5,0.5,134.5,0.5,1614,6,57,1,n837,134.0,154.63347
134.5,0.5,134.5,0.5,1614,6,60,1,n838,134.0,154.63347
134.66667,0.33333334,134.66667,0.33333334,1616,4,43,6,n850,134.0,154.63347
135.0,0.5,135.0,0.5,1620,6,59,1,n851,135.0,155.27864
135.0,0.5,135.0,0.5,1620,6,62,1,n852,135.0,155.27864
135.0,0.33333334,135.0,0.33333334,1620,4,50,6,n864,135.0,155.27864
135.33333,0.33333334,135.33333,0.33333334,1624,4,55,6,n865,135.0,155.27864
135.5,0.5,135.5,0.5,1626,6,66,1,n853,135.0,155.27864
135.5,0.5,135.5,0.5,1626,6,69,1,n854,135.0,155.27864
135.66667,0.6666667,135.66667,0.6666667,1628,8,62,6,n866,135.0,155.27864
136.0,0.5,136.0,0.5,1632,6,67,1,n855,136.0,155.903
136.0,0.5,136.0,0.5,1632,6,71,1,n856,136.0,155.903
136.33333,0.33333334,136.33333,0.33333334,1636,4,55,6,n868,136.0,155.903
136.5,0.5,136.5,0.5,1638,6,66,1,n857,136.0,155.903
136.5,0.5,136.5,0.5,1638,6,69,1,n858,136.0,155.903
136.66667,0.33333334,136.66667,0.33333334,1640,4,50,6,n869,136.0,155.903
137.0,0.5,137.0,0.5,1644,6,67,1,n859,137.0,156.55208
137.0,0.5,137.0,0.5,1644,6,71,1,n860,137.0,156.55208
137.0,0.33333334,137.0,0.33333334,1644,4,50,6,n870,137.0,156.55208
137.33333,0.33333334,137.33333,0.33333334,1648,4,43,6,n871,137.0,156.55208
137.5,0.5,137.5,0.5,1650,6,69,1,n861,137.0,156.55208
137.5,0.5,137.5,0.5,1650,6,72,1,n862,137.0,156.55208
137.66667,0.33333334,137.66667,0.33333334,1652,4,38,6,n872,137.0,156.55208
138.0,0.5,138.0,0.5,1656,6,62,1,n873,138.0,157.53516
138.0,0.5,138.0,0.5,1656,6,70,1,n874,138.0,157.53516
138.0,0.5,138.0,0.5,1656,6,74,1,n875,138.0,157.53516
138.0,0.33333334,138.0,0.33333334,1656,4,31,6,n888,138.0,157.53516
138.0,0.33333334,138.0,0.33333334,1656,4,43,6,n889,138.0,157.53516
138.33333,0.33333334,138.33333,0.33333334,1660,4,50,6,n890,138.0,157.53516
138.5,0.5,138.5,0.5,1662,6,66,1,n876,138.0,157.53516
138.5,0.5,138.5,0.5,1662,6,69,1,n877,138.0,157.53516
138.66667,0.33333334,138.66667,0.33333334,1664,4,55,6,n891,138.0,157.53516
139.0,0.5,139.0,0.5,1668,6,67,1,n878,139.0,158.48828
139.0,0.5,139.0,0.5,1668,6,70,1,n879,139.0,158.48828
139.0,0.33333334,139.0,0.33333334,1668,4,62,6,n892,139.0,158.48828
139.33333,0.33333334,139.33333,0.33333334,1672,4,55,6,n893,139.0,158.48828
139.5,0.5,139.5,0.5,1674,6,69,1,n880,139.0,158.48828
139.5,0.5,139.5,0.5,1674,6,72,1,n881,139.0,158.48828
139.66667,0.6666667,139.66667,0.6666667,1676,8,50,6,n894,139.0,158.48828
140.0,0.5,140.0,0.5,1680,6,62,1,n882,140.0,159.10156
140.0,0.5,140.0,0.5,1680,6,70,1,n883,140.0,159.10156
140.0,0.5,140.0,0.5,1680,6,74,1,n884,140.0,159.10156
140.33333,0.33333334,140.33333,0.33333334,1684,4,43,6,n896,140.0,159.10156
140.5,0.5,140.5,0.5,1686,6,64,1,n885,140.0,159.10156
140.5,0.5,140.5,0.5,1686,6,76,1,n886,140.0,159.10156
140.66667,0.33333334,140.66667,0.33333334,1688,4,38,6,n897,140.0,159.10156
141.0,0.5,141.0,0.5,1692,6,65,1,n898,141.0,159.89583
141.0,0.5,141.0,0.5,1692,6,70,1,n899,141.0,159.89583
141.0,0.5,141.0,0.5,1692,6,74,1,n900,141.0,159.89583
141.0,0.5,141.0,0.5,1692,6,77,1,n901,141.0,159.89583
141.0,0.33333334,141.0,0.33333334,1692,4,29,6,n915,141.0,159.89583
141.0,0.33333334,141.0,0.33333334,1692,4,41,6,n916,141.0,159.89583
141.33333,0.33333334,141.33333,0.33333334,1696,4,50,6,n917,141.0,159.89583
141.5,0.5,141.5,0.5,1698,6,58,1,n902,141.0,159.89583
141.5,0.5,141.5,0.5,1698,6,70,1,n903,141.0,159.89583
141.66667,0.33333334,141.66667,0.33333334,1700,4,53,6,n918,141.0,159.89583
142.0,0.5,142.0,0.5,1704,6,65,1,n904,142.0,160.71223
142.0,0.5,142.0,0.5,1704,6,70,1,n905,142.0,160.71223
142.0,0.5,142.0,0.5,1704,6,74,1,n906,142.0,160.71223
142.0,0.33333334,142.0,0.33333334,1704,4,62,6,n919,142.0,160.71223
142.33333,0.33333334,142.33333,0.33333334,1708,4,53,6,n920,142.0,160.71223
142.5,0.5,142.5,0.5,1710,6,65,1,n907,142.0,160.71223
142.5,0.5,142.5,0.5,1710,6,77,1,n908,142.0,160.71223
142.66667,0.6666667,142.66667,0.6666667,1712,8,50,6,n921,142.0,160.71223
143.0,0.5,143.0,0.5,1716,6,67,1,n909,143.0,161.35156
143.0,0.5,143.0,0.5,1716,6,74,1,n910,143.0,161.35156
143.0,0.5,143.0,0.5,1716,6,79,1,n911,143.0,161.35156
143.33333,0.33333334,143.33333,0.33333334,1720,4,41,6,n923,143.0,161.35156
143.5,0.5,143.5,0.5,1722,6,69,1,n912,143.0,161.35156
143.5,0.5,143.5,0.5,1722,6,81,1,n913,143.0,161.35156
143.66667,0.33333334,143.66667,0.33333334,1724,4,38,6,n924,143.0,161.35156
144.0,0.5,144.0,0.5,1728,6,70,1,n925,144.0,162.17708
144.0,0.5,144.0,0.5,1728,6,74,1,n926,144.0,162.17708
144.0,0.5,144.0,0.5,1728,6,79,1,n927,144.0,162.17708
144.0,0.5,144.0,0.5,1728,6,82,1,n928,144.0,162.17708
144.0,0.33333334,144.0,0.33333334,1728,4,28,6,n942,144.0,162.17708
144.0,0.33333334,144.0,0.33333334,1728,4,40,6,n943,144.0,162.17708
144.33333,0.33333334,144.33333,0.33333334,1732,4,50,6,n944,144.0,162.17708
144.5,0.5,144.5,0.5,1734,6,66,1,n929,144.0,162.17708
144.5,0.5,144.5,0.5,1734,6,78,1,n930,144.0,162.17708
144.66667,0.33333334,144.66667,0.33333334,1736,4,55,6,n945,144.0,162.17708
145.0,0.5,145.0,0.5,1740,6,67,1,n931,145.0,163.05078
145.0,0.5,145.0,0.5,1740,6,79,1,n932,145.0,163.05078
145.0,0.33333334,145.0,0.33333334,1740,4,58,6,n946,145.0,163.05078
145.0,0.33333334,145.0,0.33333334,1740,4,62,6,n947,145.0,163.05078
145.33333,0.33333334,145.33333,0.33333334,1744,4,55,6,n948,145.0,163.05078
145.5,0.5,145.5,0.5,1746,6,69,1,n933,145.0,163.05078
145.5,0.5,145.5,0.5,1746,6,81,1,n934,145.0,163.05078
145.66667,0.6666667,145.66667,0.6666667,1748,8,50,6,n949,145.0,163.05078
146.0,0.5,146.0,0.5,1752,6,70,1,n935,146.0,163.70312
146.0,0.5,146.0,0.5,1752,6,74,1,n936,146.0,163.70312
146.0,0.5,146.0,0.5,1752,6,79,1,n937,146.0,163.70312
146.0,0.5,146.0,0.5,1752,6,82,1,n938,146.0,163.70312
146.33333,0.33333334,146.33333,0.33333334,1756,4,43,6,n951,146.0,163.70312
146.5,0.5,146.5,0.5,1758,6,72,1,n939,146.0,163.70312
146.5,0.5,146.5,0.5,1758,6,84,1,n940,146.0,163.70312
146.66667,0.33333334,146.66667,0.33333334,1760,4,40,6,n952,146.0,163.70312
147.0,0.5,147.0,0.5,1764,6,73,1,n953,147.0,164.6211
147.0,0.5,147.0,0.5,1764,6,79,1,n954,147.0,164.6211
147.0,0.5,147.0,0.5,1764,6,85,1,n955,147.0,164.6211
147.0,0.33333334,147.0,0.33333334,1764,4,27,6,n972,147.0,164.6211
147.0,0.33333334,147.0,0.33333334,1764,4,39,6,n973,147.0,164.6211
147.33333,0.33333334,147.33333,0.33333334,1768,4,46,6,n974,147.0,164.6211
147.5,0.5,147.5,0.5,1770,6,74,1,n956,147.0,164.6211
147.5,0.5,147.5,0.5,1770,6,82,1,n957,147.0,164.6211
147.5,0.5,147.5,0.5,1770,6,86,1,n958,147.0,164.6211
147.66667,0.33333334,147.66667,0.33333334,1772,4,55,6,n975,147.0,164.6211
148.0,0.5,148.0,0.5,1776,6,75,1,n959,148.0,165.68294
148.0,0.5,148.0,0.5,1776,6,79,1,n960,148.0,165.68294
148.0,0.5,148.0,0.5,1776,6,87,1,n961,148.0,165.68294
148.0,0.33333334,148.0,0.33333334,1776,4,58,6,n976,148.0,165.68294
148.33333,0.33333334,148.33333,0.33333334,1780,4,61,6,n977,148.0,165.68294
148.5,0.5,148.5,0.5,1782,6,78,1,n962,148.0,165.68294
148.5,0.5,148.5,0.5,1782,6,85,1,n963,148.0,165.68294
148.5,0.5,148.5,0.5,1782,6,90,1,n964,148.0,165.68294
148.66667,0.33333334,148.66667,0.33333334,1784,4,67,6,n978,148.0,165.68294
149.0,0.5,149.0,0.5,1788,6,79,1,n965,149.0,166.61198
149.0,0.5,149.0,0.5,1788,6,82,1,n966,149.0,166.61198
149.0,0.5,149.0,0.5,1788,6,91,1,n967,149.0,166.61198
149.0,0.33333334,149.0,0.33333334,1788,4,70,6,n979,149.0,166.61198
149.33333,0.33333334,149.33333,0.33333334,1792,4,73,6,n980,149.0,166.61198
149.5,0.5,149.5,0.5,1794,6,81,1,n968,149.0,166.61198
149.5,0.5,149.5,0.5,1794,6,85,1,n969,149.0,166.61198
149.5,0.5,149.5,0.5,1794,6,93,1,n970,149.0,166.61198
149.66667,0.33333334,149.66667,0.33333334,1796,4,79,6,n981,149.0,166.61198
150.0,0.5,150.0,0.5,1800,6,82,1,n982,150.0,168.46028
150.0,0.5,150.0,0.5,1800,6,86,1,n983,150.0,168.46028
150.0,0.5,150.0,0.5,1800,6,91,1,n984,150.0,168.46028
150.0,0.5,150.0,0.5,1800,6,94,1,n985,150.0,168.46028
150.0,0.33333334,150.0,0.33333334,1800,4,28,6,n1007,150.0,168.46028
150.0,0.33333334,150.0,0.33333334,1800,4,40,6,n1008,150.0,168.46028
150.33333,0.33333334,150.33333,0.33333334,1804,4,47,6,n1009,150.0,168.46028
150.5,0.5,150.5,0.5,1806,6,83,1,n986,150.0,168.46028
150.5,0.5,150.5,0.5,1806,6,86,1,n987,150.0,168.46028
150.5,0.5,150.5,0.5,1806,6,91,1,n988,150.0,168.46028
150.5,0.5,150.5,0.5,1806,6,95,1,n989,150.0,168.46028
150.66667,0.33333334,150.66667,0.33333334,1808,4,55,6,n1010,150.0,168.46028
151.0,0.5,151.0,0.5,1812,6,81,1,n990,151.0,170.35027
151.0,0.5,151.0,0.5,1812,6,86,1,n991,151.0,170.35027
151.0,0.5,151.0,0.5,1812,6,90,1,n992,151.0,170.35027
151.0,0.5,151.0,0.5,1812,6,93,1,n993,151.0,170.35027
151.0,0.33333334,151.0,0.33333334,1812,4,62,6,n1011,151.0,170.35027
151.33333,0.33333334,151.33333,0.33333334,1816,4,64,6,n1012,151.0,170.35027
151.5,0.5,151.5,0.5,1818,6,79,1,n994,151.0,170.35027
151.5,0.5,151.5,0.5,1818,6,83,1,n995,151.0,170.35027
151.5,0.5,151.5,0.5,1818,6,88,1,n996,151.0,170.35027
151.5,0.5,151.5,0.5,1818,6,91,1,n997,151.0,170.35027
151.66667,0.33333334,151.66667,0.33333334,1820,4,67,6,n1013,151.0,170.35027
152.0,0.5,152.0,0.5,1824,6,78,1,n998,152.0,171.40364
152.0,0.5,152.0,0.5,1824,6,83,1,n999,152.0,171.40364
152.0,0.5,152.0,0.5,1824,6,86,1,n1000,152.0,171.40364
152.0,0.5,152.0,0.5,1824,6,90,1,n1001,152.0,171.40364
152.0,0.33333334,152.0,0.33333334,1824,4,69,6,n1014,152.0,171.40364
152.33333,0.33333334,152.33333,0.33333334,1828,4,71,6,n1015,152.0,171.40364
152.5,0.5,152.5,0.5,1830,6,76,1,n1002,152.0,171.40364
152.5,0.5,152.5,0.5,1830,6,79,1,n1003,152.0,171.40364
152.5,0.5,152.5,0.5,1830,6,83,1,n1004,152.0,171.40364
152.5,0.5,152.5,0.5,1830,6,88,1,n1005,152.0,171.40364
152.66667,0.33333334,152.66667,0.33333334,1832,4,67,6,n1016,152.0,171.40364
153.0,0.5,153.0,0.5,1836,6,74,1,n1017,153.0,172.42513
153.0,0.5,153.0,0.5,1836,6,78,1,n1018,153.0,172.42513
153.0,0.5,153.0,0.5,1836,6,83,1,n1019,153.0,172.42513
153.0,0.5,153.0,0.5,1836,6,86,1,n1020,153.0,172.42513
153.0,0.33333334,153.0,0.33333334,1836,4,66,6,n1041,153.0,172.42513
153.33333,0.33333334,153.33333,0.33333334,1840,4,64,6,n1042,153.0,172.42513
153.5,0.5,153.5,0.5,1842,6,71,1,n1021,153.0,172.42513
153.5,0.5,153.5,0.5,1842,6,74,1,n1022,153.0,172.42513
153.5,0.5,153.5,0.5,1842,6,79,1,n1023,153.0,172.42513
153.5,0.5,153.5,0.5,1842,6,83,1,n1024,153.0,172.42513
153.66667,0.33333334,153.66667,0.33333334,1844,4,62,6,n1043,153.0,172.42513
154.0,0.5,154.0,0.5,1848,6,69,1,n1025,154.0,173.47266
154.0,0.5,154.0,0.5,1848,6,74,1,n1026,154.0,173.47266
154.0,0.5,154.0,0.5,1848,6,78,1,n1027,154.0,173.47266
154.0,0.5,154.0,0.5,1848,6,81,1,n1028,154.0,173.47266
154.0,0.33333334,154.0,0.33333334,1848,4,59,6,n1044,154.0,173.47266
154.33333,0.33333334,154.33333,0.33333334,1852,4,57,6,n1045,154.0,173.47266
154.5,0.5,154.5,0.5,1854,6,67,1,n1029,154.0,173.47266
154.5,0.5,154.5,0.5,1854,6,71,1,n1030,154.0,173.47266
154.5,0.5,154.5,0.5,1854,6,76,1,n1031,154.0,173.47266
154.5,0.5,154.5,0.5,1854,6,79,1,n1032,154.0,173.47266
154.66667,0.33333334,154.66667,0.33333334,1856,4,55,6,n1046,154.0,173.47266
155.0,0.5,155.0,0.5,1860,6,66,1,n1033,155.0,174.84375
155.0,0.5,155.0,0.5,1860,6,71,1,n1034,155.0,174.84375
155.0,0.5,155.0,0.5,1860,6,74,1,n1035,155.0,174.84375
155.0,0.5,155.0,0.5,1860,6,78,1,n1036,155.0,174.84375
155.0,0.33333334,155.0,0.33333334,1860,4,57,6,n1047,155.0,174.84375
155.33333,0.33333334,155.33333,0.33333334,1864,4,55,6,n1048,155.0,174.84375
155.5,0.5,155.5,0.5,1866,6,64,1,n1037,155.0,174.84375
155.5,0.5,155.5,0.5,1866,6,73,1,n1038,155.0,174.84375
155.5,0.5,155.5,0.5,1866,6,76,1,n1039,155.0,174.84375
155.66667,0.33333334,155.66667,0.33333334,1868,4,45,6,n1049,155.0,174.84375
156.0,2.0,156.0,2.0,1872,24,66,1,n1050,156.0,176.68098
156.0,2.0,156.0,2.0,1872,24,74,1,n1051,156.0,176.68098
156.0,2.0,156.0,2.0,1872,24,78,1,n1052,156.0,176.68098
156.0,0.33333334,156.0,0.33333334,1872,4,38,6,n1059,156.0,176.68098
156.33333,0.33333334,156.33333,0.33333334,1876,4,45,6,n1060,156.0,176.68098
156.5,1.5,156.5,1.5,1878,18,86,2,n1056,156.0,176.68098
156.66667,0.33333334,156.66667,0.33333334,1880,4,54,6,n1061,156.0,176.68098
157.0,0.33333334,157.0,0.33333334,1884,4,62,6,n1062,157.0,178.21223
157.33333,0.33333334,157.33333,0.33333334,1888,4,64,6,n1063,157.0,178.21223
157.66667,0.33333334,157.66667,0.33333334,1892,4,66,6,n1064,157.0,178.21223
158.0,1.0,158.0,1.0,1896,12,64,1,n1053,158.0,179.34433
158.0,1.0,158.0,1.0,1896,12,73,1,n1054,158.0,179.34433
158.0,1.0,158.0,1.0,1896,12,76,1,n1055,158.0,179.34433
158.0,0.33333334,158.0,0.33333334,1896,4,58,6,n1065,158.0,179.34433
158.0,0.33333334,158.0,0.33333334,1896,4,67,6,n1066,158.0,179.34433
158.33333,0.33333334,158.33333,0.33333334,1900,4,55,6,n1067,158.0,179.34433
158.5,0.5,158.5,0.5,1902,6,85,2,n1057,158.0,179.34433
158.66667,0.33333334,158.66667,0.33333334,1904,4,46,6,n1068,158.0,179.34433
159.0,2.0,159.0,2.0,1908,24,66,1,n1069,159.0,180.53386
159.0,2.0,159.0,2.0,1908,24,74,1,n1070,159.0,180.53386
159.0,2.0,159.0,2.0,1908,24,78,1,n1071,159.0,180.53386
159.0,0.33333334,159.0,0.33333334,1908,4,38,6,n1078,159.0,180.53386
159.33333,0.33333334,159.33333,0.33333334,1912,4,45,6,n1079,159.0,180.53386
159.5,1.5,159.5,1.5,1914,18,86,2,n1075,159.0,180.53386
159.66667,0.33333334,159.66667,0.33333334,1916,4,54,6,n1080,159.0,180.53386
160.0,0.33333334,160.0,0.33333334,1920,4,57,6,n1081,160.0,181.52344
160.33333,0.33333334,160.33333,0.33333334,1924,4,59,6,n1082,160.0,181.52344
160.66667,0.33333334,160.66667,0.33333334,1928,4,61,6,n1083,160.0,181.52344
161.0,1.0,161.0,1.0,1932,12,59,1,n1072,161.0,182.40886
161.0,1.0,161.0,1.0,1932,12,66,1,n1073,161.0,182.40886
161.0,1.0,161.0,1.0,1932,12,71,1,n1074,161.0,182.40886
161.0,0.33333334,161.0,0.33333334,1932,4,62,6,n1084,161.0,182.40886
161.33333,0.33333334,161.33333,0.33333334,1936,4,54,6,n1085,161.0,182.40886
161.5,0.5,161.5,0.5,1938,6,79,2,n1076,161.0,182.40886
161.66667,0.33333334,161.66667,0.33333334,1940,4,45,6,n1086,161.0,182.40886
162.0,2.0,162.0,2.0,1944,24,61,1,n1087,162.0,183.42839
162.0,2.0,162.0,2.0,1944,24,67,1,n1088,162.0,183.42839
162.0,2.0,162.0,2.0,1944,24,69,1,n1089,162.0,183.42839
162.0,2.0,162.0,2.0,1944,24,73,1,n1090,162.0,183.42839
162.0,0.33333334,162.0,0.33333334,1944,4,38,6,n1101,162.0,183.42839
162.33333,0.33333334,162.33333,0.33333334,1948,4,45,6,n1102,162.0,183.42839
162.5,1.5,162.5,1.5,1950,18,81,2,n1098,162.0,183.42839
162.66667,0.33333334,162.66667,0.33333334,1952,4,55,6,n1103,162.0,183.42839
163.0,0.33333334,163.0,0.33333334,1956,4,61,6,n1104,163.0,184.32812
163.33333,0.33333334,163.33333,0.33333334,1960,4,62,6,n1105,163.0,184.32812
163.66667,0.33333334,163.66667,0.33333334,1964,4,64,6,n1106,163.0,184.32812
164.0,0.5,164.0,0.5,1968,6,62,1,n1091,164.0,185.19856
164.0,0.5,164.0,0.5,1968,6,71,1,n1092,164.0,185.19856
164.0,0.5,164.0,0.5,1968,6,74,1,n1093,164.0,185.19856
164.0,0.33333334,164.0,0.33333334,1968,4,66,6,n1107,164.0,185.19856
164.33333,0.33333334,164.33333,0.33333334,1972,4,54,6,n1108,164.0,185.19856
164.5,0.16666667,164.5,0.16666667,1974,2,73,1,n1094,164.0,185.19856
164.5,0.5,164.5,0.5,1974,6,83,2,n1099,164.0,185.19856
164.66667,0.33333334,164.66667,0.33333334,1976,4,62,1,n1095,164.0,185.19856
164.66667,0.33333334,164.66667,0.33333334,1976,4,71,1,n1096,164.0,185.19856
164.66667,0.33333334,164.66667,0.33333334,1976,4,74,1,n1097,164.0,185.19856
164.66667,0.33333334,164.66667,0.33333334,1976,4,45,6,n1109,164.0,185.19856
165.0,2.0,165.0,2.0,1980,24,61,1,n1110,165.0,186.18684
165.0,2.0,165.0,2.0,1980,24,67,1,n1111,165.0,186.18684
165.0,2.0,165.0,2.0,1980,24,73,1,n1112,165.0,186.18684
165.0,2.0,165.0,2.0,1980,24,76,1,n1113,165.0,186.18684
165.0,0.33333334,165.0,0.33333334,1980,4,38,6,n1120,165.0,186.18684
165.33333,0.33333334,165.33333,0.33333334,1984,4,45,6,n1121,165.0,186.18684
165.5,1.5,165.5,1.5,1986,18,85,2,n1117,165.0,186.18684
165.66667,0.33333334,165.66667,0.33333334,1988,4,55,6,n1122,165.0,186.18684
166.0,0.33333334,166.0,0.33333334,1992,4,61,6,n1123,166.0,187.23567
166.0,0.33333334,166.0,0.33333334,1992,4,64,6,n1124,166.0,187.23567
166.33333,0.33333334,166.33333,0.33333334,1996,4,66,6,n1125,166.0,187.23567
166.66667,0.33333334,166.66667,0.33333334,2000,4,67,6,n1126,166.0,187.23567
167.0,1.0,167.0,1.0,2004,12,66,1,n1114,167.0,188.06511
167.0,1.0,167.0,1.0,2004,12,74,1,n1115,167.0,188.06511
167.0,1.0,167.0,1.0,2004,12,78,1,n1116,167.0,188.06511
167.0,0.33333334,167.0,0.33333334,2004,4,60,6,n1127,167.0,188.06511
167.0,0.33333334,167.0,0.33333334,2004,4,69,6,n1128,167.0,188.06511
167.33333,0.33333334,167.33333,0.33333334,2008,4,62,6,n1129,167.0,188.06511
167.5,0.5,167.5,0.5,2010,6,85,2,n1118,167.0,188.06511
167.66667,0.33333334,167.66667,0.33333334,2012,4,50,6,n1130,167.0,188.06511
168.0,2.0,168.0,2.0,2016,24,64,1,n1131,168.0,188.88281
168.0,2.0,168.0,2.0,2016,24,71,1,n1132,168.0,188.88281
168.0,2.0,168.0,2.0,2016,24,76,1,n1133,168.0,188.88281
168.0,2.0,168.0,2.0,2016,24,79,1,n1134,168.0,188.88281
168.0,0.33333334,168.0,0.33333334,2016,4,38,6,n1141,168.0,188.88281
168.0,0.33333334,168.0,0.33333334,2016,4,55,6,n1142,168.0,188.88281
168.33333,0.33333334,168.33333,0.33333334,2020,4,59,6,n1143,168.0,188.88281
168.5,1.5,168.5,1.5,2022,18,88,2,n1138,168.0,188.88281
168.66667,0.33333334,168.66667,0.33333334,2024,4,64,6,n1144,168.0,188.88281
169.0,0.33333334,169.0,0.33333334,2028,4,67,6,n1145,169.0,190.1875
169.33333,0.33333334,169.33333,0.33333334,2032,4,69,6,n1146,169.0,190.1875
169.66667,0.33333334,169.66667,0.33333334,2036,4,71,6,n1147,169.0,190.1875
170.0,1.0,170.0,1.0,2040,12,66,1,n1135,170.0,191.02864
170.0,1.0,170.0,1.0,2040,12,75,1,n1136,170.0,191.02864
170.0,1.0,170.0,1.0,2040,12,78,1,n1137,170.0,191.02864
170.0,0.33333334,170.0,0.33333334,2040,4,72,6,n1148,170.0,191.02864
170.33333,0.33333334,170.33333,0.33333334,2044,4,63,6,n1149,170.0,191.02864
170.5,0.5,170.5,0.5,2046,6,87,2,n1139,170.0,191.02864
170.66667,0.33333334,170.66667,0.33333334,2048,4,57,6,n1150,170.0,191.02864
171.0,2.0,171.0,2.0,2052,24,67,1,n1151,171.0,191.89648
171.0,2.0,171.0,2.0,2052,24,71,1,n1152,171.0,191.89648
171.0,2.0,171.0,2.0,2052,24,76,1,n1153,171.0,191.89648
171.0,2.0,171.0,2.0,2052,24,79,1,n1154,171.0,191.89648
171.0,0.33333334,171.0,0.33333334,2052,4,38,6,n1161,171.0,191.89648
171.0,0.33333334,171.0,0.33333334,2052,4,55,6,n1162,171.0,191.89648
171.33333,0.33333334,171.33333,0.33333334,2056,4,59,6,n1163,171.0,191.89648
171.5,1.5,171.5,1.5,2058,18,88,2,n1158,171.0,191.89648
171.66667,0.33333334,171.66667,0.33333334,2060,4,64,6,n1164,171.0,191.89648
172.0,0.33333334,172.0,0.33333334,2064,4,63,6,n1165,172.0,193.1823
172.33333,0.33333334,172.33333,0.33333334,2068,4,64,6,n1166,172.0,193.1823
172.66667,0.33333334,172.66667,0.33333334,2072,4,66,6,n1167,172.0,193.1823
173.0,1.0,173.0,1.0,2076,12,62,1,n1155,173.0,194.03972
173.0,1.0,173.0,1.0,2076,12,71,1,n1156,173.0,194.03972
173.0,1.0,173.0,1.0,2076,12,74,1,n1157,173.0,194.03972
173.0,0.33333334,173.0,0.33333334,2076,4,67,6,n1168,173.0,194.03972
173.33333,0.33333334,173.33333,0.33333334,2080,4,59,6,n1169,173.0,194.03972
173.5,0.5,173.5,0.5,2082,6,83,2,n1159,173.0,194.03972
173.66667,0.33333334,173.66667,0.33333334,2084,4,50,6,n1170,173.0,194.03972
174.0,2.0,174.0,2.0,2088,24,64,1,n1171,174.0,194.93489
174.0,2.0,174.0,2.0,2088,24,67,1,n1172,174.0,194.93489
174.0,2.0,174.0,2.0,2088,24,73,1,n1173,174.0,194.93489
174.0,2.0,174.0,2.0,2088,24,76,1,n1174,174.0,194.93489
174.0,0.33333334,174.0,0.33333334,2088,4,38,6,n1181,174.0,194.93489
174.33333,0.33333334,174.33333,0.33333334,2092,4,45,6,n1182,174.0,194.93489
174.5,1.5,174.5,1.5,2094,18,85,2,n1178,174.0,194.93489
174.66667,0.33333334,174.66667,0.33333334,2096,4,55,6,n1183,174.0,194.93489
175.0,0.33333334,175.0,0.33333334,2100,4,61,6,n1184,175.0,195.76237
175.0,0.33333334,175.0,0.33333334,2100,4,64,6,n1185,175.0,195.76237
175.33333,0.33333334,175.33333,0.33333334,2104,4,66,6,n1186,175.0,195.76237
175.66667,0.33333334,175.66667,0.33333334,2108,4,67,6,n1187,175.0,195.76237
176.0,1.0,176.0,1.0,2112,12,66,1,n1175,176.0,196.48958
176.0,1.0,176.0,1.0,2112,12,74,1,n1176,176.0,196.48958
176.0,1.0,176.0,1.0,2112,12,78,1,n1177,176.0,196.48958
176.0,0.33333334,176.0,0.33333334,2112,4,60,6,n1188,176.0,196.48958
176.0,0.33333334,176.0,0.33333334,2112,4,69,6,n1189,176.0,196.48958
176.33333,0.33333334,176.33333,0.33333334,2116,4,62,6,n1190,176.0,196.48958
176.5,0.5,176.5,0.5,2118,6,86,2,n1179,176.0,196.48958
176.66667,0.33333334,176.66667,0.33333334,2120,4,50,6,n1191,176.0,196.48958
177.0,2.0,177.0,2.0,2124,24,67,1,n1192,177.0,197.26042
177.0,2.0,177.0,2.0,2124,24,71,1,n1193,177.0,197.26042
177.0,2.0,177.0,2.0,2124,24,76,1,n1194,177.0,197.26042
177.0,2.0,177.0,2.0,2124,24,79,1,n1195,177.0,197.26042
177.0,0.33333334,177.0,0.33333334,2124,4,38,6,n1202,177.0,197.26042
177.33333,0.33333334,177.33333,0.33333334,2128,4,55,6,n1203,177.0,197.26042
177.5,1.5,177.5,1.5,2130,18,88,2,n1199,177.0,197.26042
177.66667,0.33333334,177.66667,0.33333334,2132,4,59,6,n1204,177.0,197.26042
178.0,0.33333334,178.0,0.33333334,2136,4,64,6,n1205,178.0,197.9759
178.0,0.33333334,178.0,0.33333334,2136,4,67,6,n1206,178.0,197.9759
178.33333,0.33333334,178.33333,0.33333334,2140,4,69,6,n1207,178.0,197.9759
178.66667,0.33333334,178.66667,0.33333334,2144,4,70,6,n1208,178.0,197.9759
179.0,1.0,179.0,1.0,2148,12,68,1,n1196,179.0,198.6888
179.0,1.0,179.0,1.0,2148,12,77,1,n1197,179.0,198.6888
179.0,1.0,179.0,1.0,2148,12,80,1,n1198,179.0,198.6888
179.0,0.33333334,179.0,0.33333334,2148,4,65,6,n1209,179.0,198.6888
179.0,0.33333334,179.0,0.33333334,2148,4,71,6,n1210,179.0,198.6888
179.33333,0.33333334,179.33333,0.33333334,2152,4,59,6,n1211,179.0,198.6888
179.5,0.5,179.5,0.5,2154,6,89,2,n1200,179.0,198.6888
179.66667,0.33333334,179.66667,0.33333334,2156,4,50,6,n1212,179.0,198.6888
180.0,2.0,180.0,2.0,2160,24,61,1,n1213,180.0,199.51172
180.0,2.0,180.0,2.0,2160,24,66,1,n1214,180.0,199.51172
180.0,2.0,180.0,2.0,2160,24,69,1,n1215,180.0,199.51172
180.0,2.0,180.0,2.0,2160,24,73,1,n1216,180.0,199.51172
180.0,2.0,180.0,2.0,2160,24,81,1,n1217,180.0,199.51172
180.0,0.33333334,180.0,0.33333334,2160,4,30,6,n1224,180.0,199.51172
180.0,0.33333334,180.0,0.33333334,2160,4,42,6,n1225,180.0,199.51172
180.0,0.33333334,180.0,0.33333334,2160,4,49,6,n1226,180.0,199.51172
180.33333,0.33333334,180.33333,0.33333334,2164,4,57,6,n1227,180.0,199.51172
180.5,1.5,180.5,1.5,2166,18,90,2,n1221,180.0,199.51172
180.66667,0.33333334,180.66667,0.33333334,2168,4,61,6,n1228,180.0,199.51172
181.0,0.25,181.0,0.25,2172,3,69,6,n1229,181.0,200.90495
181.25,0.25,181.25,0.25,2175,3,71,6,n1230,181.0,200.90495
181.5,0.25,181.5,0.25,2178,3,72,6,n1231,181.0,200.90495
181.75,0.25,181.75,0.25,2181,3,73,6,n1232,181.0,200.90495
182.0,1.0,182.0,1.0,2184,12,68,1,n1218,182.0,201.61328
182.0,1.0,182.0,1.0,2184,12,77,1,n1219,182.0,201.61328
182.0,1.0,182.0,1.0,2184,12,80,1,n1220,182.0,201.61328
182.0,0.33333334,182.0,0.33333334,2184,4,65,6,n1233,182.0,201.61328
182.0,0.33333334,182.0,0.33333334,2184,4,73,6,n1234,182.0,201.61328
182.33333,0.33333334,182.33333,0.33333334,2188,4,62,6,n1235,182.0,201.61328
182.5,0.5,182.5,0.5,2190,6,89,2,n1222,182.0,201.61328
182.66667,0.33333334,182.66667,0.33333334,2192,4,59,6,n1236,182.0,201.61328
183.0,2.0,183.0,2.0,2196,24,61,1,n1237,183.0,202.64714
183.0,2.0,183.0,2.0,2196,24,66,1,n1238,183.0,202.64714
183.0,2.0,183.0,2.0,2196,24,69,1,n1239,183.0,202.64714
183.0,2.0,183.0,2.0,2196,24,73,1,n1240,183.0,202.64714
183.0,2.0,183.0,2.0,2196,24,81,1,n1241,183.0,202.64714
183.0,0.33333334,183.0,0.33333334,2196,4,42,6,n1251,183.0,202.64714
183.0,0.33333334,183.0,0.33333334,2196,4,49,6,n1252,183.0,202.64714
183.33333,0.33333334,183.33333,0.33333334,2200,4,57,6,n1253,183.0,202.64714
183.5,1.5,183.5,1.5,2202,18,90,2,n1243,183.0,202.64714
183.66667,0.33333334,183.66667,0.33333334,2204,4,61,6,n1254,183.0,202.64714
184.0,0.25,184.0,0.25,2208,3,66,6,n1255,184.0,203.99089
184.25,0.25,184.25,0.25,2211,3,67,6,n1256,184.0,203.99089
184.5,0.25,184.5,0.25,2214,3,68,6,n1257,184.0,203.99089
184.75,0.25,184.75,0.25,2217,3,69,6,n1258,184.0,203.99089
185.0,0.6666667,185.0,0.6666667,2220,8,67,2,n1244,185.0,204.92448
185.0,0.6666667,185.0,0.6666667,2220,8,74,2,n1245,185.0,204.92448
185.0,0.6666667,185.0,0.6666667,2220,8,79,2,n1246,185.0,204.92448
185.0,0.33333334,185.0,0.33333334,2220,4,62,6,n1259,185.0,204.92448
185.0,0.33333334,185.0,0.33333334,2220,4,70,6,n1260,185.0,204.92448
185.33333,0.33333334,185.33333,0.33333334,2224,4,58,6,n1261,185.0,204.92448
185.5,0.5,185.5,0.5,2226,6,88,1,n1242,185.0,204.92448
185.66667,0.16666667,185.66667,0.16666667,2228,2,78,2,n1247,185.0,204.92448
185.66667,0.33333334,185.66667,0.33333334,2228,4,43,6,n1262,185.0,204.92448
185.66667,0.33333334,185.66667,0.33333334,2228,4,50,6,n1263,185.0,204.92448
185.83333,0.16666667,185.83333,0.16666667,2230,2,79,2,n1249,185.0,204.92448
185.83333,0.0,185.83333,0.0,2230,0,81,2,n1248,185.0,204.92448
186.0,2.0,186.0,2.0,2232,24,66,1,n1264,186.0,206.96614
186.0,2.0,186.0,2.0,2232,24,74,1,n1265,186.0,206.96614
186.0,2.0,186.0,2.0,2232,24,78,1,n1266,186.0,206.96614
186.0,0.33333334,186.0,0.33333334,2232,4,38,6,n1273,186.0,206.96614
186.33333,0.33333334,186.33333,0.33333334,2236,4,45,6,n1274,186.0,206.96614
186.5,1.5,186.5,1.5,2238,18,86,2,n1270,186.0,206.96614
186.66667,0.33333334,186.66667,0.33333334,2240,4,54,6,n1275,186.0,206.96614
187.0,0.25,187.0,0.25,2244,3,62,6,n1276,187.0,208.03125
187.25,0.25,187.25,0.25,2247,3,64,6,n1277,187.0,208.03125
187.5,0.25,187.5,0.25,2250,3,65,6,n1278,187.0,208.03125
187.75,0.25,187.75,0.25,2253,3,66,6,n1279,187.0,208.03125
188.0,1.0,188.0,1.0,2256,12,64,1,n1267,188.0,208.90364
188.0,1.0,188.0,1.0,2256,12,73,1,n1268,188.0,208.90364
188.0,1.0,188.0,1.0,2256,12,76,1,n1269,188.0,208.90364
188.0,0.33333334,188.0,0.33333334,2256,4,58,6,n1280,188.0,208.90364
188.0,0.33333334,188.0,0.33333334,2256,4,67,6,n1281,188.0,208.90364
188.33333,0.33333334,188.33333,0.33333334,2260,4,55,6,n1282,188.0,208.90364
188.5,0.5,188.5,0.5,2262,6,85,2,n1271,188.0,208.90364
188.66667,0.33333334,188.66667,0.33333334,2264,4,46,6,n1283,188.0,208.90364
189.0,2.0,189.0,2.0,2268,24,66,1,n1284,189.0,210.00911
189.0,2.0,189.0,2.0,2268,24,74,1,n1285,189.0,210.00911
189.0,2.0,189.0,2.0,2268,24,78,1,n1286,189.0,210.00911
189.0,0.33333334,189.0,0.33333334,2268,4,38,6,n1294,189.0,210.00911
189.33333,0.33333334,189.33333,0.33333334,2272,4,45,6,n1295,189.0,210.00911
189.5,1.5,189.5,1.5,2274,18,86,2,n1291,189.0,210.00911
189.66667,0.33333334,189.66667,0.33333334,2276,4,54,6,n1296,189.0,210.00911
190.0,0.33333334,190.0,0.33333334,2280,4,62,6,n1297,190.0,211.04948
190.33333,0.33333334,190.33333,0.33333334,2284,4,64,6,n1298,190.0,211.04948
190.66667,0.33333334,190.66667,0.33333334,2288,4,66,6,n1299,190.0,211.04948
191.0,0.6666667,191.0,0.6666667,2292,8,64,1,n1287,191.0,212.42058
191.0,0.6666667,191.0,0.6666667,2292,8,73,1,n1288,191.0,212.42058
191.0,0.6666667,191.0,0.6666667,2292,8,76,1,n1289,191.0,212.42058
191.0,0.33333334,191.0,0.33333334,2292,4,58,6,n1300,191.0,212.42058
191.0,0.33333334,191.0,0.33333334,2292,4,67,6,n1301,191.0,212.42058
191.33333,0.33333334,191.33333,0.33333334,2296,4,55,6,n1302,191.0,212.42058
191.5,0.5,191.5,0.5,2298,6,85,2,n1292,191.0,212.42058
191.66667,0.33333334,191.66667,0.33333334,2300,4,78,1,n1290,191.0,212.42058
191.66667,0.33333334,191.66667,0.33333334,2300,4,46,6,n1303,191.0,212.42058
192.0,1.5,192.0,1.5,2304,18,62,1,n1304,192.0,214.61848
192.0,1.5,192.0,1.5,2304,18,66,1,n1305,192.0,214.61848
192.0,1.5,192.0,1.5,2304,18,71,1,n1306,192.0,214.61848
192.0,1.5,192.0,1.5,2304,18,74,1,n1307,192.0,214.61848
192.0,0.33333334,192.0,0.33333334,2304,4,35,6,n1318,192.0,214.61848
192.33333,0.33333334,192.33333,0.33333334,2308,4,54,6,n1319,192.0,214.61848
192.5,1.0,192.5,1.0,2310,12,83,2,n1315,192.0,214.61848
192.66667,0.33333334,192.66667,0.33333334,2312,4,59,6,n1320,192.0,214.61848
193.0,0.33333334,193.0,0.33333334,2316,4,62,6,n1321,193.0,216.39062
193.33333,0.33333334,193.33333,0.33333334,2320,4,61,6,n1322,193.0,216.39062
193.5,0.5,193.5,0.5,2322,6,66,1,n1308,193.0,216.39062
193.5,0.5,193.5,0.5,2322,6,78,1,n1309,193.0,216.39062
193.66667,0.33333334,193.66667,0.33333334,2324,4,59,6,n1323,193.0,216.39062
194.0,0.5,194.0,0.5,2328,6,69,1,n1310,194.0,217.57552
194.0,0.5,194.0,0.5,2328,6,74,1,n1311,194.0,217.57552
194.0,0.5,194.0,0.5,2328,6,81,1,n1312,194.0,217.57552
194.0,0.25,194.0,0.25,2328,3,42,6,n1324,194.0,217.57552
194.0,0.25,194.0,0.25,2328,3,57,6,n1325,194.0,217.57552
194.25,0.25,194.25,0.25,2331,3,52,6,n1326,194.0,217.57552
194.5,0.5,194.5,0.5,2334,6,74,1,n1313,194.0,217.57552
194.5,0.5,194.5,0.5,2334,6,86,1,n1314,194.0,217.57552
194.5,0.25,194.5,0.25,2334,3,50,6,n1327,194.0,217.57552
194.75,0.25,194.75,0.25,2337,3,42,6,n1328,194.0,217.57552
195.0,2.0,195.0,2.0,2340,24,73,1,n1329,195.0,219.51758
195.0,2.0,195.0,2.0,2340,24,74,1,n1330,195.0,219.51758
195.0,2.0,195.0,2.0,2340,24,81,1,n1331,195.0,219.51758
195.0,2.0,195.0,2.0,2340,24,85,1,n1332,195.0,219.51758
195.0,0.33333334,195.0,0.33333334,2340,4,28,6,n1341,195.0,219.51758
195.0,0.33333334,195.0,0.33333334,2340,4,40,6,n1342,195.0,219.51758
195.33333,0.33333334,195.33333,0.33333334,2344,4,47,6,n1343,195.0,219.51758
195.5,1.5,195.5,1.5,2346,18,93,2,n1338,195.0,219.51758
195.66667,0.33333334,195.66667,0.33333334,2348,4,55,6,n1344,195.0,219.51758
196.0,0.33333334,196.0,0.33333334,2352,4,62,6,n1345,196.0,221.43489
196.33333,0.33333334,196.33333,0.33333334,2356,4,66,6,n1346,196.0,221.43489
196.66667,0.33333334,196.66667,0.33333334,2360,4,69,6,n1347,196.0,221.43489
197.0,1.0,197.0,1.0,2364,12,71,1,n1333,197.0,222.83073
197.0,1.0,197.0,1.0,2364,12,74,1,n1334,197.0,222.83073
197.0,1.0,197.0,1.0,2364,12,79,1,n1335,197.0,222.83073
197.0,1.0,197.0,1.0,2364,12,83,1,n1336,197.0,222.83073
197.0,0.33333334,197.0,0.33333334,2364,4,67,6,n1348,197.0,222.83073
197.33333,0.33333334,197.33333,0.33333334,2368,4,62,6,n1349,197.0,222.83073
197.5,0.5,197.5,0.5,2370,6,91,2,n1339,197.0,222.83073
197.66667,0.33333334,197.66667,0.33333334,2372,4,55,6,n1350,197.0,222.83073
198.0,3.5,198.0,3.5,2376,42,62,1,n1351,198.0,224.78645
198.0,3.5,198.0,3.5,2376,42,67,1,n1352,198.0,224.78645
198.0,3.5,198.0,3.5,2376,42,71,1,n1353,198.0,224.78645
198.0,3.5,198.0,3.5,2376,42,76,1,n1354,198.0,224.78645
198.0,0.33333334,198.0,0.33333334,2376,4,33,6,n1357,198.0,224.78645
198.33333,0.33333334,198.33333,0.33333334,2380,4,45,6,n1358,198.0,224.78645
198.5,1.5,198.5,1.5,2382,18,79,2,n1355,198.0,224.78645
198.66667,0.33333334,198.66667,0.33333334,2384,4,52,6,n1359,198.0,224.78645
199.0,0.33333334,199.0,0.33333334,2388,4,59,6,n1360,199.0,226.5625
199.33333,0.33333334,199.33333,0.33333334,2392,4,62,6,n1361,199.0,226.5625
199.66667,0.33333334,199.66667,0.33333334,2396,4,66,6,n1362,199.0,226.5625
200.0,0.33333334,200.0,0.33333334,2400,4,67,6,n1363,200.0,227.64192
200.33333,0.33333334,200.33333,0.33333334,2404,4,66,6,n1364,200.0,227.64192
200.66667,0.33333334,200.66667,0.33333334,2408,4,64,6,n1365,200.0,227.64192
201.0,0.33333334,201.0,0.33333334,2412,4,62,6,n1379,201.0,228.73567
201.33333,0.33333334,201.33333,0.33333334,2416,4,59,6,n1380,201.0,228.73567
201.5,0.5,201.5,0.5,2418,6,62,1,n1370,201.0,228.73567
201.5,0.5,201.5,0.5,2418,6,74,1,n1371,201.0,228.73567
201.66667,0.33333334,201.66667,0.33333334,2420,4,52,6,n1381,201.0,228.73567
202.0,1.5,202.0,1.5,2424,18,61,1,n1372,202.0,230.14648
202.0,1.5,202.0,1.5,2424,18,67,1,n1373,202.0,230.14648
202.0,1.5,202.0,1.5,2424,18,73,1,n1374,202.0,230.14648
202.0,0.33333334,202.0,0.33333334,2424,4,57,6,n1382,202.0,230.14648
202.33333,0.33333334,202.33333,0.33333334,2428,4,54,6,n1383,202.0,230.14648
202.5,1.5,202.5,1.5,2430,18,81,2,n1377,202.0,230.14648
202.66667,0.33333334,202.66667,0.33333334,2432,4,52,6,n1384,202.0,230.14648
203.0,0.33333334,203.0,0.33333334,2436,4,47,6,n1385,203.0,231.54036
203.33333,0.33333334,203.33333,0.33333334,2440,4,45,6,n1386,203.0,231.54036
203.5,0.5,203.5,0.5,2442,6,62,1,n1375,203.0,231.54036
203.5,0.5,203.5,0.5,2442,6,74,1,n1376,203.0,231.54036
203.66667,0.33333334,203.66667,0.33333334,2444,4,33,6,n1387,203.0,231.54036
204.0,3.0,204.0,3.0,2448,36,62,1,n1388,204.0,233.87761
204.0,3.0,204.0,3.0,2448,36,71,1,n1389,204.0,233.87761
204.0,3.0,204.0,3.0,2448,36,74,1,n1390,204.0,233.87761
204.0,0.33333334,204.0,0.33333334,2448,4,35,6,n1393,204.0,233.87761
204.33333,0.33333334,204.33333,0.33333334,2452,4,47,6,n1394,204.0,233.87761
204.5,1.5,204.5,1.5,2454,18,83,2,n1391,204.0,233.87761
204.66667,0.33333334,204.66667,0.33333334,2456,4,53,6,n1395,204.0,233.87761
205.0,0.33333334,205.0,0.33333334,2460,4,54,6,n1396,205.0,235.46875
205.33333,0.33333334,205.33333,0.33333334,2464,4,59,6,n1397,205.0,235.46875
205.66667,0.33333334,205.66667,0.33333334,2468,4,61,6,n1398,205.0,235.46875
206.0,0.33333334,206.0,0.33333334,2472,4,62,6,n1399,206.0,236.53777
206.33333,0.33333334,206.33333,0.33333334,2476,4,54,6,n1400,206.0,236.53777
206.66667,0.33333334,206.66667,0.33333334,2480,4,47,6,n1401,206.0,236.53777
207.0,2.0,207.0,2.0,2484,24,60,1,n1402,207.0,238.30403
207.0,2.0,207.0,2.0,2484,24,62,1,n1403,207.0,238.30403
207.0,2.0,207.0,2.0,2484,24,69,1,n1404,207.0,238.30403
207.0,2.0,207.0,2.0,2484,24,72,1,n1405,207.0,238.30403
207.0,0.33333334,207.0,0.33333334,2484,4,28,6,n1412,207.0,238.30403
207.0,0.33333334,207.0,0.33333334,2484,4,40,6,n1413,207.0,238.30403
207.33333,0.33333334,207.33333,0.33333334,2488,4,62,6,n1414,207.0,238.30403
207.5,1.5,207.5,1.5,2490,18,74,2,n1409,207.0,238.30403
207.66667,0.33333334,207.66667,0.33333334,2492,4,57,6,n1415,207.0,238.30403
208.0,0.33333334,208.0,0.33333334,2496,4,55,6,n1416,208.0,239.8763
208.33333,0.33333334,208.33333,0.33333334,2500,4,50,6,n1417,208.0,239.8763
208.66667,0.6666667,208.66667,0.6666667,2504,8,40,6,n1418,208.0,239.8763
209.0,1.0,209.0,1.0,2508,12,58,1,n1406,209.0,241.02344
209.0,1.0,209.0,1.0,2508,12,67,1,n1407,209.0,241.02344
209.0,1.0,209.0,1.0,2508,12,70,1,n1408,209.0,241.02344
209.33333,0.33333334,209.33333,0.33333334,2512,4,50,6,n1420,209.0,241.02344
209.5,0.5,209.5,0.5,2514,6,79,2,n1410,209.0,241.02344
209.66667,0.33333334,209.66667,0.33333334,2516,4,58,6,n1421,209.0,241.02344
210.0,3.0,210.0,3.0,2520,36,54,1,n1422,210.0,242.73633
210.0,3.0,210.0,3.0,2520,36,62,1,n1423,210.0,242.73633
210.0,3.0,210.0,3.0,2520,36,69,1,n1424,210.0,242.73633
210.0,0.33333334,210.0,0.33333334,2520,4,33,6,n1428,210.0,242.73633
210.33333,0.33333334,210.33333,0.33333334,2524,4,45,6,n1429,210.0,242.73633
210.5,1.5,210.5,1.5,2526,18,78,2,n1426,210.0,242.73633
210.66667,0.33333334,210.66667,0.33333334,2528,4,54,6,n1430,210.0,242.73633
211.0,0.33333334,211.0,0.33333334,2532,4,57,6,n1431,211.0,244.66406
211.33333,0.33333334,211.33333,0.33333334,2536,4,59,6,n1432,211.0,244.66406
211.66667,0.33333334,211.66667,0.33333334,2540,4,62,6,n1433,211.0,244.66406
212.0,0.33333334,212.0,0.33333334,2544,4,61,6,n1434,212.0,245.76953
212.33333,0.33333334,212.33333,0.33333334,2548,4,59,6,n1435,212.0,245.76953
212.66667,0.33333334,212.66667,0.33333334,2552,4,57,6,n1436,212.0,245.76953
213.0,0.33333334,213.0,0.33333334,2556,4,59,6,n1446,213.0,246.90364
213.33333,0.33333334,213.33333,0.33333334,2560,4,57,6,n1447,213.0,246.90364
213.66667,0.33333334,213.66667,0.33333334,2564,4,54,6,n1448,213.0,246.90364
214.0,1.5,214.0,1.5,2568,18,55,1,n1440,214.0,248.36394
214.0,1.5,214.0,1.5,2568,18,61,1,n1441,214.0,248.36394
214.0,1.5,214.0,1.5,2568,18,67,1,n1442,214.0,248.36394
214.0,0.33333334,214.0,0.33333334,2568,4,57,6,n1449,214.0,248.36394
214.33333,0.33333334,214.33333,0.33333334,2572,4,54,6,n1450,214.0,248.36394
214.5,0.5,214.5,0.5,2574,6,73,2,n1444,214.0,248.36394
214.66667,0.33333334,214.66667,0.33333334,2576,4,52,6,n1451,214.0,248.36394
215.0,0.33333334,215.0,0.33333334,2580,4,45,6,n1452,215.0,250.07292
215.33333,0.33333334,215.33333,0.33333334,2584,4,33,6,n1453,215.0,250.07292
215.5,0.5,215.5,0.5,2586,6,66,1,n1443,215.0,250.07292
216.0,1.5,216.0,1.5,2592,18,54,1,n1455,216.0,253.0664
216.0,1.5,216.0,1.5,2592,18,62,1,n1456,216.0,253.0664
216.0,1.5,216.0,1.5,2592,18,66,1,n1457,216.0,253.0664
216.0,0.33333334,216.0,0.33333334,2592,4,38,6,n1463,216.0,253.0664
216.33333,0.33333334,216.33333,0.33333334,2596,4,45,6,n1464,216.0,253.0664
216.5,1.5,216.5,1.5,2598,18,74,2,n1461,216.0,253.0664
216.66667,0.33333334,216.66667,0.33333334,2600,4,54,6,n1465,216.0,253.0664
217.0,0.33333334,217.0,0.33333334,2604,4,57,6,n1466,217.0,255.04427
217.33333,0.33333334,217.33333,0.33333334,2608,4,59,6,n1467,217.0,255.04427
217.5,0.5,217.5,0.5,2610,6,64,1,n1458,217.0,255.04427
217.66667,0.33333334,217.66667,0.33333334,2612,4,61,6,n1468,217.0,255.04427
218.0,0.5,218.0,0.5,2616,6,66,1,n1459,218.0,256.29492
218.0,0.33333334,218.0,0.33333334,2616,4,62,6,n1469,218.0,256.29492
218.33333,0.33333334,218.33333,0.33333334,2620,4,57,6,n1470,218.0,256.29492
218.5,0.5,218.5,0.5,2622,6,59,1,n1460,218.0,256.29492
218.66667,0.33333334,218.66667,0.33333334,2624,4,55,6,n1471,218.0,256.29492
219.0,0.5,219.0,0.5,2628,6,61,1,n1472,219.0,257.26562
219.0,0.33333334,219.0,0.33333334,2628,4,54,6,n1479,219.0,257.26562
219.33333,0.33333334,219.33333,0.33333334,2632,4,57,6,n1480,219.0,257.26562
219.5,0.5,219.5,0.5,2634,6,62,1,n1473,219.0,257.26562
219.66667,0.33333334,219.66667,0.33333334,2636,4,59,6,n1481,219.0,257.26562
220.0,0.5,220.0,0.5,2640,6,66,1,n1474,220.0,258.27017
220.0,0.33333334,220.0,0.33333334,2640,4,61,6,n1482,220.0,258.27017
220.33333,0.33333334,220.33333,0.33333334,2644,4,62,6,n1483,220.0,258.27017
220.5,0.5,220.5,0.5,2646,6,69,1,n1475,220.0,258.27017
220.66667,0.33333334,220.66667,0.33333334,2648,4,64,6,n1484,220.0,258.27017
221.0,0.5,221.0,0.5,2652,6,74,1,n1476,221.0,259.4896
221.0,0.33333334,221.0,0.33333334,2652,4,66,6,n1485,221.0,259.4896
221.33333,0.33333334,221.33333,0.33333334,2656,4,69,6,n1486,221.0,259.4896
221.5,0.5,221.5,0.5,2658,6,76,1,n1477,221.0,259.4896
221.66667,0.33333334,221.66667,0.33333334,2660,4,73,6,n1487,221.0,259.4896
222.0,3.5,222.0,3.5,2664,42,66,1,n1488,222.0,262.30078
222.0,3.5,222.0,3.5,2664,42,68,1,n1489,222.0,262.30078
222.0,3.5,222.0,3.5,2664,42,74,1,n1490,222.0,262.30078
222.0,3.5,222.0,3.5,2664,42,78,1,n1491,222.0,262.30078
222.0,3.5,222.0,3.5,2664,42,59,6,n1493,222.0,262.30078
222.0,3.5,222.0,3.5,2664,42,62,6,n1494,222.0,262.30078
222.0,3.5,222.0,3.5,2664,42,71,6,n1495,222.0,262.30078
226.0,1.5,226.0,1.5,2712,18,55,1,n1501,226.0,268.2936
226.0,1.5,226.0,1.5,2712,18,61,1,n1502,226.0,268.2936
226.0,1.5,226.0,1.5,2712,18,64,1,n1503,226.0,268.2936
226.0,2.0,226.0,2.0,2712,24,43,6,n1510,226.0,268.2936
227.5,0.5,227.5,0.5,2730,6,62,1,n1504,227.0,271.3877
228.0,3.0,228.0,3.0,2736,36,54,1,n1511,228.0,274.48178
228.0,3.0,228.0,3.0,2736,36,62,1,n1512,228.0,274.48178
228.0,3.0,228.0,3.0,2736,36,38,6,n1514,228.0,274.48178
228.0,3.0,228.0,3.0,2736,36,45,6,n1515,228.0,274.48178
