velocity,timing,articulation,id
0.0,0.0,0.0,n1
0.0,0.0,0.0,n6
0.0,0.0,0.0,n7
0.0,0.0,0.0,n8
0.0,0.0,0.0,n15
0.0,0.0,0.0,n9
0.0,0.0,0.0,n10
0.0,0.0,0.0,n17
0.0,0.0,0.0,n3
0.0,0.0,0.0,n11
0.0,0.0,0.0,n4
0.0,0.0,0.0,n12
0.0,0.0,0.0,n19
0.0,0.0,0.0,n5
0.0,0.0,0.0,n13
0.0,0.0,0.0,n21
0.0,0.0,0.0,n27
0.0,0.0,0.0,n35
0.0,0.0,0.0,n28
0.0,0.0,0.0,n22
0.0,0.0,0.0,n29
0.0,0.0,0.0,n37
0.0,0.0,0.0,n23
0.0,0.0,0.0,n30
0.0,0.0,0.0,n24
0.0,0.0,0.0,n31
0.0,0.0,0.0,n39
0.0,0.0,0.0,n25
0.0,0.0,0.0,n32
0.0,0.0,0.0,n26
0.0,0.0,0.0,n33
0.0,0.0,0.0,n41
0.0,0.0,0.0,n34
0.0,0.0,0.0,n43
0.0,0.0,0.0,n48
0.0,0.0,0.0,n49
0.0,0.0,0.0,n50
0.0,0.0,0.0,n57
0.0,0.0,0.0,n51
0.0,0.0,0.0,n52
0.0,0.0,0.0,n59
0.0,0.0,0.0,n45
0.0,0.0,0.0,n53
0.0,0.0,0.0,n46
0.0,0.0,0.0,n54
0.0,0.0,0.0,n61
0.0,0.0,0.0,n47
0.0,0.0,0.0,n55
0.0,0.0,0.0,n63
0.0,0.0,0.0,n70
0.0,0.0,0.0,n78
0.0,0.0,0.0,n71
0.0,0.0,0.0,n64
0.0,0.0,0.0,n72
0.0,0.0,0.0,n80
0.0,0.0,0.0,n65
0.0,0.0,0.0,n73
0.0,0.0,0.0,n74
0.0,0.0,0.0,n82
0.0,0.0,0.0,n67
0.0,0.0,0.0,n75
0.0,0.0,0.0,n68
0.0,0.0,0.0,n76
0.0,0.0,0.0,n84
0.0,0.0,0.0,n69
0.0,0.0,0.0,n77
0.0,0.0,0.0,n86
0.0,0.0,0.0,n93
0.0,0.0,0.0,n101
0.0,0.0,0.0,n94
0.0,0.0,0.0,n87
0.0,0.0,0.0,n95
0.0,0.0,0.0,n103
0.0,0.0,0.0,n88
0.0,0.0,0.0,n96
0.0,0.0,0.0,n97
0.0,0.0,0.0,n105
0.0,0.0,0.0,n90
0.0,0.0,0.0,n98
0.0,0.0,0.0,n91
0.0,0.0,0.0,n99
0.0,0.0,0.0,n107
0.0,0.0,0.0,n92
0.0,0.0,0.0,n100
0.0,0.0,0.0,n109
0.0,0.0,0.0,n120
0.0,0.0,0.0,n125
0.0,0.0,0.0,n121
0.0,0.0,0.0,n122
0.0,0.0,0.0,n123
0.0,0.0,0.0,n128
0.0,0.0,0.0,n111
0.0,0.0,0.0,n112
0.0,0.0,0.0,n113
0.0,0.0,0.0,n114
0.0,0.0,0.0,n115
0.0,0.0,0.0,n116
0.0,0.0,0.0,n129
0.0,0.0,0.0,n117
0.0,0.0,0.0,n118
0.0,0.0,0.0,n119
0.0,0.0,0.0,n130
0.0,0.0,0.0,n131
0.0,0.0,0.0,n135
0.0,0.0,0.0,n143
0.0,0.0,0.0,n136
0.0,0.0,0.0,n133
0.0,0.0,0.0,n144
0.0,0.0,0.0,n134
0.0,0.0,0.0,n137
0.0,0.0,0.0,n138
0.0,0.0,0.0,n139
0.0,0.0,0.0,n140
0.0,0.0,0.0,n141
0.0,0.0,0.0,n142
0.0,0.0,0.0,n158
0.0,0.0,0.0,n151
0.0,0.0,0.0,n152
0.0,0.0,0.0,n159
0.0,0.0,0.0,n153
0.0,0.0,0.0,n154
0.0,0.0,0.0,n148
0.0,0.0,0.0,n155
0.0,0.0,0.0,n161
0.0,0.0,0.0,n149
0.0,0.0,0.0,n156
0.0,0.0,0.0,n162
0.0,0.0,0.0,n150
0.0,0.0,0.0,n157
0.0,0.0,0.0,n163
0.0,0.0,0.0,n164
0.0,0.0,0.0,n168
0.0,0.0,0.0,n183
0.0,0.0,0.0,n169
0.0,0.0,0.0,n170
0.0,0.0,0.0,n177
0.0,0.0,0.0,n178
0.0,0.0,0.0,n165
0.0,0.0,0.0,n171
0.0,0.0,0.0,n184
0.0,0.0,0.0,n172
0.0,0.0,0.0,n166
0.0,0.0,0.0,n173
0.0,0.0,0.0,n185
0.0,0.0,0.0,n174
0.0,0.0,0.0,n167
0.0,0.0,0.0,n175
0.0,0.0,0.0,n186
0.0,0.0,0.0,n176
0.0,0.0,0.0,n187
0.0,0.0,0.0,n201
0.0,0.0,0.0,n194
0.0,0.0,0.0,n195
0.0,0.0,0.0,n196
0.0,0.0,0.0,n197
0.0,0.0,0.0,n203
0.0,0.0,0.0,n204
0.0,0.0,0.0,n189
0.0,0.0,0.0,n190
0.0,0.0,0.0,n198
0.0,0.0,0.0,n205
0.0,0.0,0.0,n206
0.0,0.0,0.0,n199
0.0,0.0,0.0,n207
0.0,0.0,0.0,n208
0.0,0.0,0.0,n192
0.0,0.0,0.0,n193
0.0,0.0,0.0,n200
0.0,0.0,0.0,n209
0.0,0.0,0.0,n210
0.0,0.0,0.0,n211
0.0,0.0,0.0,n212
0.0,0.0,0.0,n218
0.0,0.0,0.0,n225
0.0,0.0,0.0,n226
0.0,0.0,0.0,n219
0.0,0.0,0.0,n214
0.0,0.0,0.0,n220
0.0,0.0,0.0,n221
0.0,0.0,0.0,n215
0.0,0.0,0.0,n216
0.0,0.0,0.0,n228
0.0,0.0,0.0,n230
0.0,0.0,0.0,n231
0.0,0.0,0.0,n217
0.0,0.0,0.0,n222
0.0,0.0,0.0,n229
0.0,0.0,0.0,n232
0.0,0.0,0.0,n233
0.0,0.0,0.0,n223
0.0,0.0,0.0,n224
0.0,0.0,0.0,n234
0.0,0.0,0.0,n235
0.0,0.0,0.0,n244
0.0,0.0,0.0,n245
0.0,0.0,0.0,n246
0.0,0.0,0.0,n247
0.0,0.0,0.0,n236
0.0,0.0,0.0,n237
0.0,0.0,0.0,n238
0.0,0.0,0.0,n239
0.0,0.0,0.0,n240
0.0,0.0,0.0,n241
0.0,0.0,0.0,n242
0.0,0.0,0.0,n243
0.0,0.0,0.0,n249
0.0,0.0,0.0,n261
0.0,0.0,0.0,n262
0.0,0.0,0.0,n263
0.0,0.0,0.0,n279
0.0,0.0,0.0,n280
0.0,0.0,0.0,n264
0.0,0.0,0.0,n265
0.0,0.0,0.0,n266
0.0,0.0,0.0,n250
0.0,0.0,0.0,n267
0.0,0.0,0.0,n268
0.0,0.0,0.0,n269
0.0,0.0,0.0,n270
0.0,0.0,0.0,n271
0.0,0.0,0.0,n272
0.0,0.0,0.0,n273
0.0,0.0,0.0,n274
0.0,0.0,0.0,n275
0.0,0.0,0.0,n281
0.0,0.0,0.0,n282
0.0,0.0,0.0,n252
0.0,0.0,0.0,n253
0.0,0.0,0.0,n254
0.0,0.0,0.0,n276
0.0,0.0,0.0,n255
0.0,0.0,0.0,n256
0.0,0.0,0.0,n257
0.0,0.0,0.0,n277
0.0,0.0,0.0,n258
0.0,0.0,0.0,n259
0.0,0.0,0.0,n260
0.0,0.0,0.0,n278
0.0,0.0,0.0,n283
0.0,0.0,0.0,n286
0.0,0.0,0.0,n287
0.0,0.0,0.0,n288
0.0,0.0,0.0,n310
0.0,0.0,0.0,n311
0.0,0.0,0.0,n289
0.0,0.0,0.0,n290
0.0,0.0,0.0,n291
0.0,0.0,0.0,n284
0.0,0.0,0.0,n292
0.0,0.0,0.0,n293
0.0,0.0,0.0,n294
0.0,0.0,0.0,n295
0.0,0.0,0.0,n296
0.0,0.0,0.0,n297
0.0,0.0,0.0,n298
0.0,0.0,0.0,n299
0.0,0.0,0.0,n300
0.0,0.0,0.0,n301
0.0,0.0,0.0,n302
0.0,0.0,0.0,n307
0.0,0.0,0.0,n303
0.0,0.0,0.0,n304
0.0,0.0,0.0,n308
0.0,0.0,0.0,n305
0.0,0.0,0.0,n306
0.0,0.0,0.0,n309
0.0,0.0,0.0,n312
0.0,0.0,0.0,n324
0.0,0.0,0.0,n325
0.0,0.0,0.0,n326
0.0,0.0,0.0,n342
0.0,0.0,0.0,n343
0.0,0.0,0.0,n327
0.0,0.0,0.0,n328
0.0,0.0,0.0,n329
0.0,0.0,0.0,n313
0.0,0.0,0.0,n330
0.0,0.0,0.0,n331
0.0,0.0,0.0,n332
0.0,0.0,0.0,n333
0.0,0.0,0.0,n334
0.0,0.0,0.0,n335
0.0,0.0,0.0,n336
0.0,0.0,0.0,n337
0.0,0.0,0.0,n338
0.0,0.0,0.0,n344
0.0,0.0,0.0,n345
0.0,0.0,0.0,n315
0.0,0.0,0.0,n316
0.0,0.0,0.0,n317
0.0,0.0,0.0,n339
0.0,0.0,0.0,n318
0.0,0.0,0.0,n319
0.0,0.0,0.0,n320
0.0,0.0,0.0,n340
0.0,0.0,0.0,n321
0.0,0.0,0.0,n322
0.0,0.0,0.0,n323
0.0,0.0,0.0,n341
0.0,0.0,0.0,n346
0.0,0.0,0.0,n349
0.0,0.0,0.0,n350
0.0,0.0,0.0,n351
0.0,0.0,0.0,n373
0.0,0.0,0.0,n374
0.0,0.0,0.0,n352
0.0,0.0,0.0,n353
0.0,0.0,0.0,n354
0.0,0.0,0.0,n347
0.0,0.0,0.0,n355
0.0,0.0,0.0,n356
0.0,0.0,0.0,n357
0.0,0.0,0.0,n358
0.0,0.0,0.0,n359
0.0,0.0,0.0,n360
0.0,0.0,0.0,n348
0.0,0.0,0.0,n361
0.0,0.0,0.0,n362
0.0,0.0,0.0,n363
0.0,0.0,0.0,n364
0.0,0.0,0.0,n365
0.0,0.0,0.0,n366
0.0,0.0,0.0,n367
0.0,0.0,0.0,n368
0.0,0.0,0.0,n369
0.0,0.0,0.0,n370
0.0,0.0,0.0,n371
0.0,0.0,0.0,n372
0.0,0.0,0.0,n375
0.0,0.0,0.0,n387
0.0,0.0,0.0,n388
0.0,0.0,0.0,n389
0.0,0.0,0.0,n405
0.0,0.0,0.0,n390
0.0,0.0,0.0,n391
0.0,0.0,0.0,n392
0.0,0.0,0.0,n376
0.0,0.0,0.0,n393
0.0,0.0,0.0,n394
0.0,0.0,0.0,n395
0.0,0.0,0.0,n396
0.0,0.0,0.0,n397
0.0,0.0,0.0,n398
0.0,0.0,0.0,n399
0.0,0.0,0.0,n400
0.0,0.0,0.0,n401
0.0,0.0,0.0,n406
0.0,0.0,0.0,n378
0.0,0.0,0.0,n379
0.0,0.0,0.0,n380
0.0,0.0,0.0,n402
0.0,0.0,0.0,n381
0.0,0.0,0.0,n382
0.0,0.0,0.0,n383
0.0,0.0,0.0,n403
0.0,0.0,0.0,n384
0.0,0.0,0.0,n385
0.0,0.0,0.0,n386
0.0,0.0,0.0,n404
0.0,0.0,0.0,n407
0.0,0.0,0.0,n408
0.0,0.0,0.0,n409
0.0,0.0,0.0,n422
0.0,0.0,0.0,n423
0.0,0.0,0.0,n410
0.0,0.0,0.0,n411
0.0,0.0,0.0,n412
0.0,0.0,0.0,n424
0.0,0.0,0.0,n425
0.0,0.0,0.0,n413
0.0,0.0,0.0,n414
0.0,0.0,0.0,n415
0.0,0.0,0.0,n426
0.0,0.0,0.0,n427
0.0,0.0,0.0,n416
0.0,0.0,0.0,n417
0.0,0.0,0.0,n418
0.0,0.0,0.0,n428
0.0,0.0,0.0,n429
0.0,0.0,0.0,n419
0.0,0.0,0.0,n420
0.0,0.0,0.0,n421
0.0,0.0,0.0,n430
0.0,0.0,0.0,n431
0.0,0.0,0.0,n432
0.0,0.0,0.0,n433
0.0,0.0,0.0,n434
0.0,0.0,0.0,n438
0.0,0.0,0.0,n439
0.0,0.0,0.0,n435
0.0,0.0,0.0,n436
0.0,0.0,0.0,n437
0.0,0.0,0.0,n440
0.0,0.0,0.0,n441
0.0,0.0,0.0,n442
0.0,0.0,0.0,n454
0.0,0.0,0.0,n455
0.0,0.0,0.0,n456
0.0,0.0,0.0,n472
0.0,0.0,0.0,n473
0.0,0.0,0.0,n457
0.0,0.0,0.0,n458
0.0,0.0,0.0,n459
0.0,0.0,0.0,n443
0.0,0.0,0.0,n460
0.0,0.0,0.0,n461
0.0,0.0,0.0,n462
0.0,0.0,0.0,n463
0.0,0.0,0.0,n464
0.0,0.0,0.0,n465
0.0,0.0,0.0,n466
0.0,0.0,0.0,n467
0.0,0.0,0.0,n468
0.0,0.0,0.0,n445
0.0,0.0,0.0,n446
0.0,0.0,0.0,n447
0.0,0.0,0.0,n469
0.0,0.0,0.0,n448
0.0,0.0,0.0,n449
0.0,0.0,0.0,n450
0.0,0.0,0.0,n470
0.0,0.0,0.0,n451
0.0,0.0,0.0,n452
0.0,0.0,0.0,n453
0.0,0.0,0.0,n471
0.0,0.0,0.0,n474
0.0,0.0,0.0,n477
0.0,0.0,0.0,n478
0.0,0.0,0.0,n479
0.0,0.0,0.0,n501
0.0,0.0,0.0,n502
0.0,0.0,0.0,n480
0.0,0.0,0.0,n481
0.0,0.0,0.0,n482
0.0,0.0,0.0,n475
0.0,0.0,0.0,n483
0.0,0.0,0.0,n484
0.0,0.0,0.0,n485
0.0,0.0,0.0,n486
0.0,0.0,0.0,n487
0.0,0.0,0.0,n488
0.0,0.0,0.0,n489
0.0,0.0,0.0,n490
0.0,0.0,0.0,n491
0.0,0.0,0.0,n492
0.0,0.0,0.0,n493
0.0,0.0,0.0,n498
0.0,0.0,0.0,n494
0.0,0.0,0.0,n495
0.0,0.0,0.0,n499
0.0,0.0,0.0,n496
0.0,0.0,0.0,n497
0.0,0.0,0.0,n500
0.0,0.0,0.0,n503
0.0,0.0,0.0,n515
0.0,0.0,0.0,n516
0.0,0.0,0.0,n517
0.0,0.0,0.0,n533
0.0,0.0,0.0,n534
0.0,0.0,0.0,n518
0.0,0.0,0.0,n519
0.0,0.0,0.0,n520
0.0,0.0,0.0,n504
0.0,0.0,0.0,n521
0.0,0.0,0.0,n522
0.0,0.0,0.0,n523
0.0,0.0,0.0,n524
0.0,0.0,0.0,n525
0.0,0.0,0.0,n526
0.0,0.0,0.0,n527
0.0,0.0,0.0,n528
0.0,0.0,0.0,n529
0.0,0.0,0.0,n506
0.0,0.0,0.0,n507
0.0,0.0,0.0,n508
0.0,0.0,0.0,n530
0.0,0.0,0.0,n509
0.0,0.0,0.0,n510
0.0,0.0,0.0,n511
0.0,0.0,0.0,n531
0.0,0.0,0.0,n512
0.0,0.0,0.0,n513
0.0,0.0,0.0,n514
0.0,0.0,0.0,n532
0.0,0.0,0.0,n535
0.0,0.0,0.0,n538
0.0,0.0,0.0,n539
0.0,0.0,0.0,n540
0.0,0.0,0.0,n541
0.0,0.0,0.0,n542
0.0,0.0,0.0,n543
0.0,0.0,0.0,n536
0.0,0.0,0.0,n544
0.0,0.0,0.0,n545
0.0,0.0,0.0,n546
0.0,0.0,0.0,n563
0.0,0.0,0.0,n564
0.0,0.0,0.0,n547
0.0,0.0,0.0,n548
0.0,0.0,0.0,n549
0.0,0.0,0.0,n537
0.0,0.0,0.0,n550
0.0,0.0,0.0,n551
0.0,0.0,0.0,n552
0.0,0.0,0.0,n565
0.0,0.0,0.0,n566
0.0,0.0,0.0,n553
0.0,0.0,0.0,n554
0.0,0.0,0.0,n555
0.0,0.0,0.0,n556
0.0,0.0,0.0,n557
0.0,0.0,0.0,n558
0.0,0.0,0.0,n559
0.0,0.0,0.0,n560
0.0,0.0,0.0,n561
0.0,0.0,0.0,n567
0.0,0.0,0.0,n579
0.0,0.0,0.0,n580
0.0,0.0,0.0,n581
0.0,0.0,0.0,n597
0.0,0.0,0.0,n598
0.0,0.0,0.0,n582
0.0,0.0,0.0,n583
0.0,0.0,0.0,n584
0.0,0.0,0.0,n568
0.0,0.0,0.0,n585
0.0,0.0,0.0,n586
0.0,0.0,0.0,n587
0.0,0.0,0.0,n588
0.0,0.0,0.0,n589
0.0,0.0,0.0,n590
0.0,0.0,0.0,n591
0.0,0.0,0.0,n592
0.0,0.0,0.0,n593
0.0,0.0,0.0,n570
0.0,0.0,0.0,n571
0.0,0.0,0.0,n572
0.0,0.0,0.0,n594
0.0,0.0,0.0,n573
0.0,0.0,0.0,n574
0.0,0.0,0.0,n575
0.0,0.0,0.0,n595
0.0,0.0,0.0,n599
0.0,0.0,0.0,n600
0.0,0.0,0.0,n576
0.0,0.0,0.0,n577
0.0,0.0,0.0,n578
0.0,0.0,0.0,n596
0.0,0.0,0.0,n601
0.0,0.0,0.0,n602
0.0,0.0,0.0,n603
0.0,0.0,0.0,n604
0.0,0.0,0.0,n620
0.0,0.0,0.0,n621
0.0,0.0,0.0,n605
0.0,0.0,0.0,n606
0.0,0.0,0.0,n607
0.0,0.0,0.0,n608
0.0,0.0,0.0,n622
0.0,0.0,0.0,n623
0.0,0.0,0.0,n609
0.0,0.0,0.0,n610
0.0,0.0,0.0,n611
0.0,0.0,0.0,n624
0.0,0.0,0.0,n625
0.0,0.0,0.0,n612
0.0,0.0,0.0,n613
0.0,0.0,0.0,n614
0.0,0.0,0.0,n615
0.0,0.0,0.0,n626
0.0,0.0,0.0,n627
0.0,0.0,0.0,n616
0.0,0.0,0.0,n617
0.0,0.0,0.0,n618
0.0,0.0,0.0,n619
0.0,0.0,0.0,n628
0.0,0.0,0.0,n629
0.0,0.0,0.0,n630
0.0,0.0,0.0,n631
0.0,0.0,0.0,n632
0.0,0.0,0.0,n633
0.0,0.0,0.0,n644
0.0,0.0,0.0,n645
0.0,0.0,0.0,n634
0.0,0.0,0.0,n635
0.0,0.0,0.0,n636
0.0,0.0,0.0,n646
0.0,0.0,0.0,n647
0.0,0.0,0.0,n638
0.0,0.0,0.0,n639
0.0,0.0,0.0,n640
0.0,0.0,0.0,n649
0.0,0.0,0.0,n650
0.0,0.0,0.0,n641
0.0,0.0,0.0,n642
0.0,0.0,0.0,n643
0.0,0.0,0.0,n651
0.0,0.0,0.0,n652
0.0,0.0,0.0,n656
0.0,0.0,0.0,n657
0.0,0.0,0.0,n658
0.0,0.0,0.0,n677
0.0,0.0,0.0,n678
0.0,0.0,0.0,n659
0.0,0.0,0.0,n660
0.0,0.0,0.0,n661
0.0,0.0,0.0,n679
0.0,0.0,0.0,n680
0.0,0.0,0.0,n662
0.0,0.0,0.0,n663
0.0,0.0,0.0,n664
0.0,0.0,0.0,n681
0.0,0.0,0.0,n682
0.0,0.0,0.0,n665
0.0,0.0,0.0,n666
0.0,0.0,0.0,n671
0.0,0.0,0.0,n672
0.0,0.0,0.0,n683
0.0,0.0,0.0,n684
0.0,0.0,0.0,n673
0.0,0.0,0.0,n674
0.0,0.0,0.0,n667
0.0,0.0,0.0,n668
0.0,0.0,0.0,n669
0.0,0.0,0.0,n670
0.0,0.0,0.0,n685
0.0,0.0,0.0,n686
0.0,0.0,0.0,n687
0.0,0.0,0.0,n692
0.0,0.0,0.0,n693
0.0,0.0,0.0,n704
0.0,0.0,0.0,n705
0.0,0.0,0.0,n706
0.0,0.0,0.0,n709
0.0,0.0,0.0,n710
0.0,0.0,0.0,n711
0.0,0.0,0.0,n719
0.0,0.0,0.0,n720
0.0,0.0,0.0,n721
0.0,0.0,0.0,n694
0.0,0.0,0.0,n695
0.0,0.0,0.0,n696
0.0,0.0,0.0,n715
0.0,0.0,0.0,n716
0.0,0.0,0.0,n697
0.0,0.0,0.0,n698
0.0,0.0,0.0,n699
0.0,0.0,0.0,n712
0.0,0.0,0.0,n713
0.0,0.0,0.0,n714
0.0,0.0,0.0,n689
0.0,0.0,0.0,n700
0.0,0.0,0.0,n690
0.0,0.0,0.0,n701
0.0,0.0,0.0,n702
0.0,0.0,0.0,n717
0.0,0.0,0.0,n718
0.0,0.0,0.0,n691
0.0,0.0,0.0,n703
0.0,0.0,0.0,n722
0.0,0.0,0.0,n728
0.0,0.0,0.0,n729
0.0,0.0,0.0,n738
0.0,0.0,0.0,n739
0.0,0.0,0.0,n740
0.0,0.0,0.0,n730
0.0,0.0,0.0,n723
0.0,0.0,0.0,n744
0.0,0.0,0.0,n745
0.0,0.0,0.0,n724
0.0,0.0,0.0,n732
0.0,0.0,0.0,n725
0.0,0.0,0.0,n733
0.0,0.0,0.0,n734
0.0,0.0,0.0,n741
0.0,0.0,0.0,n742
0.0,0.0,0.0,n743
0.0,0.0,0.0,n726
0.0,0.0,0.0,n735
0.0,0.0,0.0,n727
0.0,0.0,0.0,n736
0.0,0.0,0.0,n746
0.0,0.0,0.0,n747
0.0,0.0,0.0,n737
0.0,0.0,0.0,n748
0.0,0.0,0.0,n754
0.0,0.0,0.0,n755
0.0,0.0,0.0,n766
0.0,0.0,0.0,n767
0.0,0.0,0.0,n768
0.0,0.0,0.0,n756
0.0,0.0,0.0,n757
0.0,0.0,0.0,n758
0.0,0.0,0.0,n769
0.0,0.0,0.0,n770
0.0,0.0,0.0,n759
0.0,0.0,0.0,n760
0.0,0.0,0.0,n761
0.0,0.0,0.0,n771
0.0,0.0,0.0,n772
0.0,0.0,0.0,n773
0.0,0.0,0.0,n750
0.0,0.0,0.0,n762
0.0,0.0,0.0,n751
0.0,0.0,0.0,n763
0.0,0.0,0.0,n764
0.0,0.0,0.0,n774
0.0,0.0,0.0,n775
0.0,0.0,0.0,n752
0.0,0.0,0.0,n753
0.0,0.0,0.0,n765
0.0,0.0,0.0,n776
0.0,0.0,0.0,n777
0.0,0.0,0.0,n786
0.0,0.0,0.0,n796
0.0,0.0,0.0,n797
0.0,0.0,0.0,n798
0.0,0.0,0.0,n787
0.0,0.0,0.0,n788
0.0,0.0,0.0,n778
0.0,0.0,0.0,n779
0.0,0.0,0.0,n789
0.0,0.0,0.0,n799
0.0,0.0,0.0,n800
0.0,0.0,0.0,n801
0.0,0.0,0.0,n780
0.0,0.0,0.0,n781
0.0,0.0,0.0,n790
0.0,0.0,0.0,n791
0.0,0.0,0.0,n792
0.0,0.0,0.0,n802
0.0,0.0,0.0,n803
0.0,0.0,0.0,n804
0.0,0.0,0.0,n783
0.0,0.0,0.0,n793
0.0,0.0,0.0,n784
0.0,0.0,0.0,n794
0.0,0.0,0.0,n805
0.0,0.0,0.0,n806
0.0,0.0,0.0,n807
0.0,0.0,0.0,n785
0.0,0.0,0.0,n795
0.0,0.0,0.0,n808
0.0,0.0,0.0,n809
0.0,0.0,0.0,n818
0.0,0.0,0.0,n826
0.0,0.0,0.0,n827
0.0,0.0,0.0,n828
0.0,0.0,0.0,n819
0.0,0.0,0.0,n810
0.0,0.0,0.0,n811
0.0,0.0,0.0,n829
0.0,0.0,0.0,n830
0.0,0.0,0.0,n831
0.0,0.0,0.0,n812
0.0,0.0,0.0,n813
0.0,0.0,0.0,n820
0.0,0.0,0.0,n821
0.0,0.0,0.0,n822
0.0,0.0,0.0,n832
0.0,0.0,0.0,n833
0.0,0.0,0.0,n834
0.0,0.0,0.0,n815
0.0,0.0,0.0,n823
0.0,0.0,0.0,n816
0.0,0.0,0.0,n824
0.0,0.0,0.0,n835
0.0,0.0,0.0,n836
0.0,0.0,0.0,n837
0.0,0.0,0.0,n817
0.0,0.0,0.0,n825
0.0,0.0,0.0,n838
0.0,0.0,0.0,n851
0.0,0.0,0.0,n852
0.0,0.0,0.0,n857
0.0,0.0,0.0,n858
0.0,0.0,0.0,n859
0.0,0.0,0.0,n853
0.0,0.0,0.0,n854
0.0,0.0,0.0,n855
0.0,0.0,0.0,n860
0.0,0.0,0.0,n861
0.0,0.0,0.0,n856
0.0,0.0,0.0,n839
0.0,0.0,0.0,n840
0.0,0.0,0.0,n841
0.0,0.0,0.0,n863
0.0,0.0,0.0,n842
0.0,0.0,0.0,n843
0.0,0.0,0.0,n844
0.0,0.0,0.0,n845
0.0,0.0,0.0,n846
0.0,0.0,0.0,n847
0.0,0.0,0.0,n864
0.0,0.0,0.0,n848
0.0,0.0,0.0,n849
0.0,0.0,0.0,n850
0.0,0.0,0.0,n865
0.0,0.0,0.0,n866
0.0,0.0,0.0,n867
0.0,0.0,0.0,n868
0.0,0.0,0.0,n887
0.0,0.0,0.0,n870
0.0,0.0,0.0,n871
0.0,0.0,0.0,n888
0.0,0.0,0.0,n872
0.0,0.0,0.0,n873
0.0,0.0,0.0,n885
0.0,0.0,0.0,n875
0.0,0.0,0.0,n876
0.0,0.0,0.0,n877
0.0,0.0,0.0,n878
0.0,0.0,0.0,n879
0.0,0.0,0.0,n880
0.0,0.0,0.0,n881
0.0,0.0,0.0,n890
0.0,0.0,0.0,n911
0.0,0.0,0.0,n912
0.0,0.0,0.0,n901
0.0,0.0,0.0,n902
0.0,0.0,0.0,n903
0.0,0.0,0.0,n904
0.0,0.0,0.0,n905
0.0,0.0,0.0,n906
0.0,0.0,0.0,n914
0.0,0.0,0.0,n894
0.0,0.0,0.0,n895
0.0,0.0,0.0,n907
0.0,0.0,0.0,n908
0.0,0.0,0.0,n915
0.0,0.0,0.0,n918
0.0,0.0,0.0,n919
0.0,0.0,0.0,n896
0.0,0.0,0.0,n897
0.0,0.0,0.0,n916
0.0,0.0,0.0,n898
0.0,0.0,0.0,n899
0.0,0.0,0.0,n909
0.0,0.0,0.0,n910
0.0,0.0,0.0,n917
0.0,0.0,0.0,n920
0.0,0.0,0.0,n921
0.0,0.0,0.0,n922
0.0,0.0,0.0,n923
0.0,0.0,0.0,n947
0.0,0.0,0.0,n931
0.0,0.0,0.0,n932
0.0,0.0,0.0,n933
0.0,0.0,0.0,n943
0.0,0.0,0.0,n944
0.0,0.0,0.0,n924
0.0,0.0,0.0,n925
0.0,0.0,0.0,n948
0.0,0.0,0.0,n939
0.0,0.0,0.0,n940
0.0,0.0,0.0,n951
0.0,0.0,0.0,n952
0.0,0.0,0.0,n926
0.0,0.0,0.0,n927
0.0,0.0,0.0,n949
0.0,0.0,0.0,n941
0.0,0.0,0.0,n942
0.0,0.0,0.0,n953
0.0,0.0,0.0,n954
0.0,0.0,0.0,n928
0.0,0.0,0.0,n929
0.0,0.0,0.0,n950
0.0,0.0,0.0,n937
0.0,0.0,0.0,n938
0.0,0.0,0.0,n955
0.0,0.0,0.0,n956
0.0,0.0,0.0,n957
0.0,0.0,0.0,n958
0.0,0.0,0.0,n968
0.0,0.0,0.0,n984
0.0,0.0,0.0,n989
0.0,0.0,0.0,n969
0.0,0.0,0.0,n970
0.0,0.0,0.0,n990
0.0,0.0,0.0,n991
0.0,0.0,0.0,n971
0.0,0.0,0.0,n972
0.0,0.0,0.0,n992
0.0,0.0,0.0,n993
0.0,0.0,0.0,n976
0.0,0.0,0.0,n977
0.0,0.0,0.0,n961
0.0,0.0,0.0,n962
0.0,0.0,0.0,n973
0.0,0.0,0.0,n978
0.0,0.0,0.0,n979
0.0,0.0,0.0,n985
0.0,0.0,0.0,n963
0.0,0.0,0.0,n964
0.0,0.0,0.0,n980
0.0,0.0,0.0,n981
0.0,0.0,0.0,n965
0.0,0.0,0.0,n966
0.0,0.0,0.0,n974
0.0,0.0,0.0,n975
0.0,0.0,0.0,n982
0.0,0.0,0.0,n983
0.0,0.0,0.0,n986
0.0,0.0,0.0,n987
0.0,0.0,0.0,n994
0.0,0.0,0.0,n995
0.0,0.0,0.0,n1003
0.0,0.0,0.0,n1004
0.0,0.0,0.0,n1012
0.0,0.0,0.0,n1013
0.0,0.0,0.0,n1018
0.0,0.0,0.0,n1019
0.0,0.0,0.0,n1005
0.0,0.0,0.0,n996
0.0,0.0,0.0,n1006
0.0,0.0,0.0,n1007
0.0,0.0,0.0,n997
0.0,0.0,0.0,n998
0.0,0.0,0.0,n999
0.0,0.0,0.0,n1008
0.0,0.0,0.0,n1014
0.0,0.0,0.0,n1015
0.0,0.0,0.0,n1000
0.0,0.0,0.0,n1009
0.0,0.0,0.0,n1010
0.0,0.0,0.0,n1011
0.0,0.0,0.0,n1016
0.0,0.0,0.0,n1017
0.0,0.0,0.0,n1001
0.0,0.0,0.0,n1002
0.0,0.0,0.0,n1020
0.0,0.0,0.0,n1021
0.0,0.0,0.0,n1024
0.0,0.0,0.0,n1029
0.0,0.0,0.0,n1030
0.0,0.0,0.0,n1031
0.0,0.0,0.0,n1038
0.0,0.0,0.0,n1039
0.0,0.0,0.0,n1036
0.0,0.0,0.0,n1037
0.0,0.0,0.0,n1025
0.0,0.0,0.0,n1032
0.0,0.0,0.0,n1033
0.0,0.0,0.0,n1042
0.0,0.0,0.0,n1026
0.0,0.0,0.0,n1034
0.0,0.0,0.0,n1035
0.0,0.0,0.0,n1027
0.0,0.0,0.0,n1028
0.0,0.0,0.0,n1043
0.0,0.0,0.0,n1052
0.0,0.0,0.0,n1044
0.0,0.0,0.0,n1045
0.0,0.0,0.0,n1053
0.0,0.0,0.0,n1054
0.0,0.0,0.0,n1046
0.0,0.0,0.0,n1047
0.0,0.0,0.0,n1055
0.0,0.0,0.0,n1060
0.0,0.0,0.0,n1048
0.0,0.0,0.0,n1049
0.0,0.0,0.0,n1057
0.0,0.0,0.0,n1061
0.0,0.0,0.0,n1050
0.0,0.0,0.0,n1051
0.0,0.0,0.0,n1058
0.0,0.0,0.0,n1080
0.0,0.0,0.0,n1083
0.0,0.0,0.0,n1084
0.0,0.0,0.0,n1076
0.0,0.0,0.0,n1077
0.0,0.0,0.0,n1081
0.0,0.0,0.0,n1085
0.0,0.0,0.0,n1078
0.0,0.0,0.0,n1079
0.0,0.0,0.0,n1082
0.0,0.0,0.0,n1091
0.0,0.0,0.0,n1086
0.0,0.0,0.0,n1062
0.0,0.0,0.0,n1063
0.0,0.0,0.0,n1064
0.0,0.0,0.0,n1065
0.0,0.0,0.0,n1066
0.0,0.0,0.0,n1067
0.0,0.0,0.0,n1087
0.0,0.0,0.0,n1088
0.0,0.0,0.0,n1068
0.0,0.0,0.0,n1069
0.0,0.0,0.0,n1070
0.0,0.0,0.0,n1071
0.0,0.0,0.0,n1072
0.0,0.0,0.0,n1073
0.0,0.0,0.0,n1089
0.0,0.0,0.0,n1090
0.0,0.0,0.0,n1093
0.0,0.0,0.0,n1094
0.0,0.0,0.0,n1095
0.0,0.0,0.0,n1118
0.0,0.0,0.0,n1096
0.0,0.0,0.0,n1097
0.0,0.0,0.0,n1098
0.0,0.0,0.0,n1119
0.0,0.0,0.0,n1120
0.0,0.0,0.0,n1099
0.0,0.0,0.0,n1100
0.0,0.0,0.0,n1101
0.0,0.0,0.0,n1102
0.0,0.0,0.0,n1103
0.0,0.0,0.0,n1104
0.0,0.0,0.0,n1121
0.0,0.0,0.0,n1122
0.0,0.0,0.0,n1131
0.0,0.0,0.0,n1108
0.0,0.0,0.0,n1109
0.0,0.0,0.0,n1110
0.0,0.0,0.0,n1111
0.0,0.0,0.0,n1112
0.0,0.0,0.0,n1113
0.0,0.0,0.0,n1126
0.0,0.0,0.0,n1127
0.0,0.0,0.0,n1114
0.0,0.0,0.0,n1115
0.0,0.0,0.0,n1116
0.0,0.0,0.0,n1128
0.0,0.0,0.0,n1129
0.0,0.0,0.0,n1133
0.0,0.0,0.0,n1134
0.0,0.0,0.0,n1135
0.0,0.0,0.0,n1151
0.0,0.0,0.0,n1152
0.0,0.0,0.0,n1160
0.0,0.0,0.0,n1161
0.0,0.0,0.0,n1139
0.0,0.0,0.0,n1140
0.0,0.0,0.0,n1141
0.0,0.0,0.0,n1155
0.0,0.0,0.0,n1156
0.0,0.0,0.0,n1142
0.0,0.0,0.0,n1157
0.0,0.0,0.0,n1158
0.0,0.0,0.0,n1143
0.0,0.0,0.0,n1144
0.0,0.0,0.0,n1145
0.0,0.0,0.0,n1146
0.0,0.0,0.0,n1147
0.0,0.0,0.0,n1148
0.0,0.0,0.0,n1149
0.0,0.0,0.0,n1150
0.0,0.0,0.0,n1162
0.0,0.0,0.0,n1170
0.0,0.0,0.0,n1177
0.0,0.0,0.0,n1163
0.0,0.0,0.0,n1171
0.0,0.0,0.0,n1178
0.0,0.0,0.0,n1172
0.0,0.0,0.0,n1179
0.0,0.0,0.0,n1164
0.0,0.0,0.0,n1165
0.0,0.0,0.0,n1173
0.0,0.0,0.0,n1180
0.0,0.0,0.0,n1181
0.0,0.0,0.0,n1166
0.0,0.0,0.0,n1167
0.0,0.0,0.0,n1182
0.0,0.0,0.0,n1175
0.0,0.0,0.0,n1183
0.0,0.0,0.0,n1168
0.0,0.0,0.0,n1169
0.0,0.0,0.0,n1176
0.0,0.0,0.0,n1184
0.0,0.0,0.0,n1203
0.0,0.0,0.0,n1206
0.0,0.0,0.0,n1207
0.0,0.0,0.0,n1199
0.0,0.0,0.0,n1200
0.0,0.0,0.0,n1204
0.0,0.0,0.0,n1208
0.0,0.0,0.0,n1201
0.0,0.0,0.0,n1202
0.0,0.0,0.0,n1205
0.0,0.0,0.0,n1209
0.0,0.0,0.0,n1215
0.0,0.0,0.0,n1216
0.0,0.0,0.0,n1185
0.0,0.0,0.0,n1186
0.0,0.0,0.0,n1187
0.0,0.0,0.0,n1210
0.0,0.0,0.0,n1188
0.0,0.0,0.0,n1189
0.0,0.0,0.0,n1190
0.0,0.0,0.0,n1211
0.0,0.0,0.0,n1191
0.0,0.0,0.0,n1192
0.0,0.0,0.0,n1193
0.0,0.0,0.0,n1212
0.0,0.0,0.0,n1194
0.0,0.0,0.0,n1195
0.0,0.0,0.0,n1196
0.0,0.0,0.0,n1213
0.0,0.0,0.0,n1219
0.0,0.0,0.0,n1220
0.0,0.0,0.0,n1221
0.0,0.0,0.0,n1222
0.0,0.0,0.0,n1223
0.0,0.0,0.0,n1248
0.0,0.0,0.0,n1224
0.0,0.0,0.0,n1225
0.0,0.0,0.0,n1226
0.0,0.0,0.0,n1249
0.0,0.0,0.0,n1227
0.0,0.0,0.0,n1228
0.0,0.0,0.0,n1229
0.0,0.0,0.0,n1250
0.0,0.0,0.0,n1251
0.0,0.0,0.0,n1230
0.0,0.0,0.0,n1231
0.0,0.0,0.0,n1232
0.0,0.0,0.0,n1252
0.0,0.0,0.0,n1253
0.0,0.0,0.0,n1266
0.0,0.0,0.0,n1267
0.0,0.0,0.0,n1236
0.0,0.0,0.0,n1237
0.0,0.0,0.0,n1238
0.0,0.0,0.0,n1239
0.0,0.0,0.0,n1256
0.0,0.0,0.0,n1257
0.0,0.0,0.0,n1240
0.0,0.0,0.0,n1241
0.0,0.0,0.0,n1242
0.0,0.0,0.0,n1243
0.0,0.0,0.0,n1258
0.0,0.0,0.0,n1259
0.0,0.0,0.0,n1244
0.0,0.0,0.0,n1245
0.0,0.0,0.0,n1246
0.0,0.0,0.0,n1247
0.0,0.0,0.0,n1260
0.0,0.0,0.0,n1261
0.0,0.0,0.0,n1262
0.0,0.0,0.0,n1270
0.0,0.0,0.0,n1271
0.0,0.0,0.0,n1272
0.0,0.0,0.0,n1273
0.0,0.0,0.0,n1293
0.0,0.0,0.0,n1294
0.0,0.0,0.0,n1295
0.0,0.0,0.0,n1306
0.0,0.0,0.0,n1307
0.0,0.0,0.0,n1278
0.0,0.0,0.0,n1279
0.0,0.0,0.0,n1280
0.0,0.0,0.0,n1288
0.0,0.0,0.0,n1299
0.0,0.0,0.0,n1300
0.0,0.0,0.0,n1308
0.0,0.0,0.0,n1281
0.0,0.0,0.0,n1282
0.0,0.0,0.0,n1283
0.0,0.0,0.0,n1289
0.0,0.0,0.0,n1301
0.0,0.0,0.0,n1302
0.0,0.0,0.0,n1309
0.0,0.0,0.0,n1290
0.0,0.0,0.0,n1310
0.0,0.0,0.0,n1291
0.0,0.0,0.0,n1311
0.0,0.0,0.0,n1285
0.0,0.0,0.0,n1286
0.0,0.0,0.0,n1287
0.0,0.0,0.0,n1292
0.0,0.0,0.0,n1303
0.0,0.0,0.0,n1304
0.0,0.0,0.0,n1312
0.0,0.0,0.0,n1313
0.0,0.0,0.0,n1314
0.0,0.0,0.0,n1315
0.0,0.0,0.0,n1321
0.0,0.0,0.0,n1327
0.0,0.0,0.0,n1328
0.0,0.0,0.0,n1333
0.0,0.0,0.0,n1322
0.0,0.0,0.0,n1334
0.0,0.0,0.0,n1323
0.0,0.0,0.0,n1335
0.0,0.0,0.0,n1316
0.0,0.0,0.0,n1317
0.0,0.0,0.0,n1318
0.0,0.0,0.0,n1324
0.0,0.0,0.0,n1329
0.0,0.0,0.0,n1330
0.0,0.0,0.0,n1336
0.0,0.0,0.0,n1319
0.0,0.0,0.0,n1325
0.0,0.0,0.0,n1326
0.0,0.0,0.0,n1331
0.0,0.0,0.0,n1337
0.0,0.0,0.0,n1338
0.0,0.0,0.0,n1320
0.0,0.0,0.0,n1332
0.0,0.0,0.0,n1339
0.0,0.0,0.0,n1340
0.0,0.0,0.0,n1341
0.0,0.0,0.0,n1347
0.0,0.0,0.0,n1342
0.0,0.0,0.0,n1343
0.0,0.0,0.0,n1344
0.0,0.0,0.0,n1348
0.0,0.0,0.0,n1351
0.0,0.0,0.0,n1352
0.0,0.0,0.0,n1345
0.0,0.0,0.0,n1346
0.0,0.0,0.0,n1357
0.0,0.0,0.0,n1366
0.0,0.0,0.0,n1358
0.0,0.0,0.0,n1359
0.0,0.0,0.0,n1367
0.0,0.0,0.0,n1368
0.0,0.0,0.0,n1360
0.0,0.0,0.0,n1361
0.0,0.0,0.0,n1369
0.0,0.0,0.0,n1353
0.0,0.0,0.0,n1373
0.0,0.0,0.0,n1354
0.0,0.0,0.0,n1355
0.0,0.0,0.0,n1356
0.0,0.0,0.0,n1362
0.0,0.0,0.0,n1363
0.0,0.0,0.0,n1375
0.0,0.0,0.0,n1371
0.0,0.0,0.0,n1374
0.0,0.0,0.0,n1364
0.0,0.0,0.0,n1365
0.0,0.0,0.0,n1372
0.0,0.0,0.0,n1376
0.0,0.0,0.0,n1377
0.0,0.0,0.0,n1401
0.0,0.0,0.0,n1404
0.0,0.0,0.0,n1405
0.0,0.0,0.0,n1399
0.0,0.0,0.0,n1400
0.0,0.0,0.0,n1402
0.0,0.0,0.0,n1406
0.0,0.0,0.0,n1378
0.0,0.0,0.0,n1403
0.0,0.0,0.0,n1407
0.0,0.0,0.0,n1379
0.0,0.0,0.0,n1380
0.0,0.0,0.0,n1381
0.0,0.0,0.0,n1382
0.0,0.0,0.0,n1383
0.0,0.0,0.0,n1384
0.0,0.0,0.0,n1408
0.0,0.0,0.0,n1409
0.0,0.0,0.0,n1385
0.0,0.0,0.0,n1386
0.0,0.0,0.0,n1387
0.0,0.0,0.0,n1388
0.0,0.0,0.0,n1389
0.0,0.0,0.0,n1390
0.0,0.0,0.0,n1410
0.0,0.0,0.0,n1411
0.0,0.0,0.0,n1391
0.0,0.0,0.0,n1392
0.0,0.0,0.0,n1393
0.0,0.0,0.0,n1394
0.0,0.0,0.0,n1395
0.0,0.0,0.0,n1396
0.0,0.0,0.0,n1412
0.0,0.0,0.0,n1413
0.0,0.0,0.0,n1414
0.0,0.0,0.0,n1415
0.0,0.0,0.0,n1416
0.0,0.0,0.0,n1417
0.0,0.0,0.0,n1418
0.0,0.0,0.0,n1419
0.0,0.0,0.0,n1440
0.0,0.0,0.0,n1441
0.0,0.0,0.0,n1420
0.0,0.0,0.0,n1421
0.0,0.0,0.0,n1422
0.0,0.0,0.0,n1423
0.0,0.0,0.0,n1424
0.0,0.0,0.0,n1425
0.0,0.0,0.0,n1442
0.0,0.0,0.0,n1443
0.0,0.0,0.0,n1452
0.0,0.0,0.0,n1429
0.0,0.0,0.0,n1430
0.0,0.0,0.0,n1431
0.0,0.0,0.0,n1432
0.0,0.0,0.0,n1433
0.0,0.0,0.0,n1434
0.0,0.0,0.0,n1447
0.0,0.0,0.0,n1448
0.0,0.0,0.0,n1435
0.0,0.0,0.0,n1436
0.0,0.0,0.0,n1437
0.0,0.0,0.0,n1449
0.0,0.0,0.0,n1450
0.0,0.0,0.0,n1454
0.0,0.0,0.0,n1455
0.0,0.0,0.0,n1456
0.0,0.0,0.0,n1472
0.0,0.0,0.0,n1473
0.0,0.0,0.0,n1481
0.0,0.0,0.0,n1482
0.0,0.0,0.0,n1460
0.0,0.0,0.0,n1461
0.0,0.0,0.0,n1462
0.0,0.0,0.0,n1476
0.0,0.0,0.0,n1477
0.0,0.0,0.0,n1463
0.0,0.0,0.0,n1478
0.0,0.0,0.0,n1479
0.0,0.0,0.0,n1464
0.0,0.0,0.0,n1465
0.0,0.0,0.0,n1466
0.0,0.0,0.0,n1467
0.0,0.0,0.0,n1468
0.0,0.0,0.0,n1469
0.0,0.0,0.0,n1470
0.0,0.0,0.0,n1471
0.0,0.0,0.0,n1488
0.0,0.0,0.0,n1496
0.0,0.0,0.0,n1504
0.0,0.0,0.0,n1489
0.0,0.0,0.0,n1497
0.0,0.0,0.0,n1505
0.0,0.0,0.0,n1498
0.0,0.0,0.0,n1506
0.0,0.0,0.0,n1490
0.0,0.0,0.0,n1491
0.0,0.0,0.0,n1499
0.0,0.0,0.0,n1507
0.0,0.0,0.0,n1483
0.0,0.0,0.0,n1508
0.0,0.0,0.0,n1484
0.0,0.0,0.0,n1485
0.0,0.0,0.0,n1486
0.0,0.0,0.0,n1487
0.0,0.0,0.0,n1510
0.0,0.0,0.0,n1501
0.0,0.0,0.0,n1509
0.0,0.0,0.0,n1494
0.0,0.0,0.0,n1495
0.0,0.0,0.0,n1502
0.0,0.0,0.0,n1503
0.0,0.0,0.0,n1511
0.0,0.0,0.0,n1512
0.0,0.0,0.0,n1537
0.0,0.0,0.0,n1540
0.0,0.0,0.0,n1541
0.0,0.0,0.0,n1513
0.0,0.0,0.0,n1514
0.0,0.0,0.0,n1515
0.0,0.0,0.0,n1538
0.0,0.0,0.0,n1542
0.0,0.0,0.0,n1516
0.0,0.0,0.0,n1539
0.0,0.0,0.0,n1543
0.0,0.0,0.0,n1517
0.0,0.0,0.0,n1518
0.0,0.0,0.0,n1519
0.0,0.0,0.0,n1520
0.0,0.0,0.0,n1521
0.0,0.0,0.0,n1522
0.0,0.0,0.0,n1548
0.0,0.0,0.0,n1549
0.0,0.0,0.0,n1523
0.0,0.0,0.0,n1524
0.0,0.0,0.0,n1525
0.0,0.0,0.0,n1544
0.0,0.0,0.0,n1526
0.0,0.0,0.0,n1527
0.0,0.0,0.0,n1528
0.0,0.0,0.0,n1545
0.0,0.0,0.0,n1529
0.0,0.0,0.0,n1530
0.0,0.0,0.0,n1531
0.0,0.0,0.0,n1546
0.0,0.0,0.0,n1532
0.0,0.0,0.0,n1533
0.0,0.0,0.0,n1534
0.0,0.0,0.0,n1547
0.0,0.0,0.0,n1552
0.0,0.0,0.0,n1553
0.0,0.0,0.0,n1554
0.0,0.0,0.0,n1555
0.0,0.0,0.0,n1556
0.0,0.0,0.0,n1581
0.0,0.0,0.0,n1557
0.0,0.0,0.0,n1558
0.0,0.0,0.0,n1559
0.0,0.0,0.0,n1582
0.0,0.0,0.0,n1560
0.0,0.0,0.0,n1561
0.0,0.0,0.0,n1562
0.0,0.0,0.0,n1583
0.0,0.0,0.0,n1584
0.0,0.0,0.0,n1563
0.0,0.0,0.0,n1564
0.0,0.0,0.0,n1565
0.0,0.0,0.0,n1585
0.0,0.0,0.0,n1586
0.0,0.0,0.0,n1599
0.0,0.0,0.0,n1600
0.0,0.0,0.0,n1569
0.0,0.0,0.0,n1570
0.0,0.0,0.0,n1571
0.0,0.0,0.0,n1572
0.0,0.0,0.0,n1589
0.0,0.0,0.0,n1590
0.0,0.0,0.0,n1573
0.0,0.0,0.0,n1574
0.0,0.0,0.0,n1575
0.0,0.0,0.0,n1576
0.0,0.0,0.0,n1591
0.0,0.0,0.0,n1592
0.0,0.0,0.0,n1577
0.0,0.0,0.0,n1578
0.0,0.0,0.0,n1579
0.0,0.0,0.0,n1580
0.0,0.0,0.0,n1593
0.0,0.0,0.0,n1594
0.0,0.0,0.0,n1595
0.0,0.0,0.0,n1603
0.0,0.0,0.0,n1604
0.0,0.0,0.0,n1605
0.0,0.0,0.0,n1606
0.0,0.0,0.0,n1625
0.0,0.0,0.0,n1626
0.0,0.0,0.0,n1627
0.0,0.0,0.0,n1638
0.0,0.0,0.0,n1639
0.0,0.0,0.0,n1611
0.0,0.0,0.0,n1612
0.0,0.0,0.0,n1613
0.0,0.0,0.0,n1620
0.0,0.0,0.0,n1631
0.0,0.0,0.0,n1632
0.0,0.0,0.0,n1640
0.0,0.0,0.0,n1614
0.0,0.0,0.0,n1615
0.0,0.0,0.0,n1616
0.0,0.0,0.0,n1621
0.0,0.0,0.0,n1633
0.0,0.0,0.0,n1634
0.0,0.0,0.0,n1641
0.0,0.0,0.0,n1645
0.0,0.0,0.0,n1622
0.0,0.0,0.0,n1642
0.0,0.0,0.0,n1623
0.0,0.0,0.0,n1643
0.0,0.0,0.0,n1617
0.0,0.0,0.0,n1618
0.0,0.0,0.0,n1619
0.0,0.0,0.0,n1624
0.0,0.0,0.0,n1635
0.0,0.0,0.0,n1636
0.0,0.0,0.0,n1644
0.0,0.0,0.0,n1646
0.0,0.0,0.0,n1647
0.0,0.0,0.0,n1648
0.0,0.0,0.0,n1655
0.0,0.0,0.0,n1661
0.0,0.0,0.0,n1662
0.0,0.0,0.0,n1667
0.0,0.0,0.0,n1656
0.0,0.0,0.0,n1668
0.0,0.0,0.0,n1657
0.0,0.0,0.0,n1669
0.0,0.0,0.0,n1649
0.0,0.0,0.0,n1650
0.0,0.0,0.0,n1651
0.0,0.0,0.0,n1658
0.0,0.0,0.0,n1663
0.0,0.0,0.0,n1664
0.0,0.0,0.0,n1670
0.0,0.0,0.0,n1652
0.0,0.0,0.0,n1653
0.0,0.0,0.0,n1659
0.0,0.0,0.0,n1660
0.0,0.0,0.0,n1665
0.0,0.0,0.0,n1671
0.0,0.0,0.0,n1672
0.0,0.0,0.0,n1654
0.0,0.0,0.0,n1666
0.0,0.0,0.0,n1673
0.0,0.0,0.0,n1674
0.0,0.0,0.0,n1675
0.0,0.0,0.0,n1679
0.0,0.0,0.0,n1676
0.0,0.0,0.0,n1677
0.0,0.0,0.0,n1678
0.0,0.0,0.0,n1680
0.0,0.0,0.0,n1683
0.0,0.0,0.0,n1684
0.0,0.0,0.0,n1685
0.0,0.0,0.0,n1690
0.0,0.0,0.0,n1706
0.0,0.0,0.0,n1707
0.0,0.0,0.0,n1708
0.0,0.0,0.0,n1691
0.0,0.0,0.0,n1692
0.0,0.0,0.0,n1693
0.0,0.0,0.0,n1694
0.0,0.0,0.0,n1712
0.0,0.0,0.0,n1713
0.0,0.0,0.0,n1695
0.0,0.0,0.0,n1696
0.0,0.0,0.0,n1697
0.0,0.0,0.0,n1698
0.0,0.0,0.0,n1709
0.0,0.0,0.0,n1710
0.0,0.0,0.0,n1711
0.0,0.0,0.0,n1699
0.0,0.0,0.0,n1687
0.0,0.0,0.0,n1700
0.0,0.0,0.0,n1701
0.0,0.0,0.0,n1688
0.0,0.0,0.0,n1702
0.0,0.0,0.0,n1714
0.0,0.0,0.0,n1715
0.0,0.0,0.0,n1703
0.0,0.0,0.0,n1689
0.0,0.0,0.0,n1704
0.0,0.0,0.0,n1705
0.0,0.0,0.0,n1716
0.0,0.0,0.0,n1722
0.0,0.0,0.0,n1738
0.0,0.0,0.0,n1739
0.0,0.0,0.0,n1740
0.0,0.0,0.0,n1723
0.0,0.0,0.0,n1724
0.0,0.0,0.0,n1725
0.0,0.0,0.0,n1717
0.0,0.0,0.0,n1744
0.0,0.0,0.0,n1745
0.0,0.0,0.0,n1727
0.0,0.0,0.0,n1718
0.0,0.0,0.0,n1728
0.0,0.0,0.0,n1729
0.0,0.0,0.0,n1719
0.0,0.0,0.0,n1730
0.0,0.0,0.0,n1741
0.0,0.0,0.0,n1742
0.0,0.0,0.0,n1743
0.0,0.0,0.0,n1731
0.0,0.0,0.0,n1720
0.0,0.0,0.0,n1732
0.0,0.0,0.0,n1733
0.0,0.0,0.0,n1721
0.0,0.0,0.0,n1734
0.0,0.0,0.0,n1746
0.0,0.0,0.0,n1747
0.0,0.0,0.0,n1735
0.0,0.0,0.0,n1736
0.0,0.0,0.0,n1737
0.0,0.0,0.0,n1748
0.0,0.0,0.0,n1753
0.0,0.0,0.0,n1770
0.0,0.0,0.0,n1771
0.0,0.0,0.0,n1772
0.0,0.0,0.0,n1754
0.0,0.0,0.0,n1755
0.0,0.0,0.0,n1756
0.0,0.0,0.0,n1757
0.0,0.0,0.0,n1773
0.0,0.0,0.0,n1774
0.0,0.0,0.0,n1758
0.0,0.0,0.0,n1759
0.0,0.0,0.0,n1760
0.0,0.0,0.0,n1761
0.0,0.0,0.0,n1775
0.0,0.0,0.0,n1776
0.0,0.0,0.0,n1777
0.0,0.0,0.0,n1762
0.0,0.0,0.0,n1750
0.0,0.0,0.0,n1763
0.0,0.0,0.0,n1764
0.0,0.0,0.0,n1751
0.0,0.0,0.0,n1765
0.0,0.0,0.0,n1766
0.0,0.0,0.0,n1778
0.0,0.0,0.0,n1779
0.0,0.0,0.0,n1767
0.0,0.0,0.0,n1752
0.0,0.0,0.0,n1768
0.0,0.0,0.0,n1769
0.0,0.0,0.0,n1780
0.0,0.0,0.0,n1781
0.0,0.0,0.0,n1790
0.0,0.0,0.0,n1806
0.0,0.0,0.0,n1807
0.0,0.0,0.0,n1808
0.0,0.0,0.0,n1791
0.0,0.0,0.0,n1792
0.0,0.0,0.0,n1793
0.0,0.0,0.0,n1782
0.0,0.0,0.0,n1783
0.0,0.0,0.0,n1794
0.0,0.0,0.0,n1809
0.0,0.0,0.0,n1810
0.0,0.0,0.0,n1811
0.0,0.0,0.0,n1795
0.0,0.0,0.0,n1784
0.0,0.0,0.0,n1785
0.0,0.0,0.0,n1796
0.0,0.0,0.0,n1797
0.0,0.0,0.0,n1798
0.0,0.0,0.0,n1812
0.0,0.0,0.0,n1813
0.0,0.0,0.0,n1814
0.0,0.0,0.0,n1799
0.0,0.0,0.0,n1787
0.0,0.0,0.0,n1800
0.0,0.0,0.0,n1801
0.0,0.0,0.0,n1788
0.0,0.0,0.0,n1802
0.0,0.0,0.0,n1815
0.0,0.0,0.0,n1816
0.0,0.0,0.0,n1817
0.0,0.0,0.0,n1803
0.0,0.0,0.0,n1789
0.0,0.0,0.0,n1804
0.0,0.0,0.0,n1805
0.0,0.0,0.0,n1818
0.0,0.0,0.0,n1819
0.0,0.0,0.0,n1828
0.0,0.0,0.0,n1844
0.0,0.0,0.0,n1845
0.0,0.0,0.0,n1846
0.0,0.0,0.0,n1829
0.0,0.0,0.0,n1830
0.0,0.0,0.0,n1831
0.0,0.0,0.0,n1820
0.0,0.0,0.0,n1821
0.0,0.0,0.0,n1832
0.0,0.0,0.0,n1847
0.0,0.0,0.0,n1848
0.0,0.0,0.0,n1849
0.0,0.0,0.0,n1833
0.0,0.0,0.0,n1822
0.0,0.0,0.0,n1823
0.0,0.0,0.0,n1834
0.0,0.0,0.0,n1835
0.0,0.0,0.0,n1836
0.0,0.0,0.0,n1850
0.0,0.0,0.0,n1851
0.0,0.0,0.0,n1852
0.0,0.0,0.0,n1837
0.0,0.0,0.0,n1825
0.0,0.0,0.0,n1838
0.0,0.0,0.0,n1839
0.0,0.0,0.0,n1826
0.0,0.0,0.0,n1840
0.0,0.0,0.0,n1853
0.0,0.0,0.0,n1854
0.0,0.0,0.0,n1855
0.0,0.0,0.0,n1841
0.0,0.0,0.0,n1827
0.0,0.0,0.0,n1842
0.0,0.0,0.0,n1843
0.0,0.0,0.0,n1856
0.0,0.0,0.0,n1860
0.0,0.0,0.0,n1877
0.0,0.0,0.0,n1878
0.0,0.0,0.0,n1879
0.0,0.0,0.0,n1861
0.0,0.0,0.0,n1862
0.0,0.0,0.0,n1863
0.0,0.0,0.0,n1864
0.0,0.0,0.0,n1880
0.0,0.0,0.0,n1881
0.0,0.0,0.0,n1865
0.0,0.0,0.0,n1866
0.0,0.0,0.0,n1867
0.0,0.0,0.0,n1868
0.0,0.0,0.0,n1869
0.0,0.0,0.0,n1883
0.0,0.0,0.0,n1870
0.0,0.0,0.0,n1857
0.0,0.0,0.0,n1871
0.0,0.0,0.0,n1872
0.0,0.0,0.0,n1858
0.0,0.0,0.0,n1873
0.0,0.0,0.0,n1884
0.0,0.0,0.0,n1874
0.0,0.0,0.0,n1859
0.0,0.0,0.0,n1875
0.0,0.0,0.0,n1885
0.0,0.0,0.0,n1876
0.0,0.0,0.0,n1886
0.0,0.0,0.0,n1887
0.0,0.0,0.0,n1888
0.0,0.0,0.0,n1902
0.0,0.0,0.0,n1890
0.0,0.0,0.0,n1891
0.0,0.0,0.0,n1903
0.0,0.0,0.0,n1892
0.0,0.0,0.0,n1893
0.0,0.0,0.0,n1905
0.0,0.0,0.0,n1895
0.0,0.0,0.0,n1896
0.0,0.0,0.0,n1897
0.0,0.0,0.0,n1898
0.0,0.0,0.0,n1899
0.0,0.0,0.0,n1900
0.0,0.0,0.0,n1901
0.0,0.0,0.0,n1907
0.0,0.0,0.0,n1928
0.0,0.0,0.0,n1929
0.0,0.0,0.0,n1918
0.0,0.0,0.0,n1919
0.0,0.0,0.0,n1920
0.0,0.0,0.0,n1921
0.0,0.0,0.0,n1922
0.0,0.0,0.0,n1923
0.0,0.0,0.0,n1931
0.0,0.0,0.0,n1911
0.0,0.0,0.0,n1912
0.0,0.0,0.0,n1924
0.0,0.0,0.0,n1925
0.0,0.0,0.0,n1932
0.0,0.0,0.0,n1935
0.0,0.0,0.0,n1936
0.0,0.0,0.0,n1913
0.0,0.0,0.0,n1914
0.0,0.0,0.0,n1933
0.0,0.0,0.0,n1915
0.0,0.0,0.0,n1916
0.0,0.0,0.0,n1926
0.0,0.0,0.0,n1927
0.0,0.0,0.0,n1934
0.0,0.0,0.0,n1937
0.0,0.0,0.0,n1938
0.0,0.0,0.0,n1939
0.0,0.0,0.0,n1940
0.0,0.0,0.0,n1964
0.0,0.0,0.0,n1948
0.0,0.0,0.0,n1949
0.0,0.0,0.0,n1950
0.0,0.0,0.0,n1960
0.0,0.0,0.0,n1961
0.0,0.0,0.0,n1941
0.0,0.0,0.0,n1942
0.0,0.0,0.0,n1965
0.0,0.0,0.0,n1956
0.0,0.0,0.0,n1957
0.0,0.0,0.0,n1968
0.0,0.0,0.0,n1969
0.0,0.0,0.0,n1943
0.0,0.0,0.0,n1944
0.0,0.0,0.0,n1966
0.0,0.0,0.0,n1958
0.0,0.0,0.0,n1959
0.0,0.0,0.0,n1970
0.0,0.0,0.0,n1971
0.0,0.0,0.0,n1945
0.0,0.0,0.0,n1946
0.0,0.0,0.0,n1967
0.0,0.0,0.0,n1954
0.0,0.0,0.0,n1955
0.0,0.0,0.0,n1972
0.0,0.0,0.0,n1973
0.0,0.0,0.0,n1974
0.0,0.0,0.0,n1975
0.0,0.0,0.0,n1985
0.0,0.0,0.0,n2001
0.0,0.0,0.0,n2006
0.0,0.0,0.0,n1986
0.0,0.0,0.0,n1987
0.0,0.0,0.0,n2007
0.0,0.0,0.0,n2008
0.0,0.0,0.0,n1988
0.0,0.0,0.0,n1989
0.0,0.0,0.0,n2009
0.0,0.0,0.0,n2010
0.0,0.0,0.0,n1993
0.0,0.0,0.0,n1994
0.0,0.0,0.0,n1978
0.0,0.0,0.0,n1979
0.0,0.0,0.0,n1990
0.0,0.0,0.0,n1995
0.0,0.0,0.0,n1996
0.0,0.0,0.0,n2002
0.0,0.0,0.0,n1980
0.0,0.0,0.0,n1981
0.0,0.0,0.0,n1997
0.0,0.0,0.0,n1998
0.0,0.0,0.0,n1982
0.0,0.0,0.0,n1983
0.0,0.0,0.0,n1991
0.0,0.0,0.0,n1992
0.0,0.0,0.0,n1999
0.0,0.0,0.0,n2000
0.0,0.0,0.0,n2003
0.0,0.0,0.0,n2004
0.0,0.0,0.0,n2011
0.0,0.0,0.0,n2012
0.0,0.0,0.0,n2021
0.0,0.0,0.0,n2022
0.0,0.0,0.0,n2031
0.0,0.0,0.0,n2032
0.0,0.0,0.0,n2042
0.0,0.0,0.0,n2043
0.0,0.0,0.0,n2023
0.0,0.0,0.0,n2044
0.0,0.0,0.0,n2013
0.0,0.0,0.0,n2024
0.0,0.0,0.0,n2045
0.0,0.0,0.0,n2025
0.0,0.0,0.0,n2046
0.0,0.0,0.0,n2014
0.0,0.0,0.0,n2015
0.0,0.0,0.0,n2016
0.0,0.0,0.0,n2017
0.0,0.0,0.0,n2026
0.0,0.0,0.0,n2033
0.0,0.0,0.0,n2034
0.0,0.0,0.0,n2035
0.0,0.0,0.0,n2047
0.0,0.0,0.0,n2018
0.0,0.0,0.0,n2019
0.0,0.0,0.0,n2020
0.0,0.0,0.0,n2028
0.0,0.0,0.0,n2038
0.0,0.0,0.0,n2039
0.0,0.0,0.0,n2040
0.0,0.0,0.0,n2041
0.0,0.0,0.0,n2049
0.0,0.0,0.0,n2029
0.0,0.0,0.0,n2050
0.0,0.0,0.0,n2030
0.0,0.0,0.0,n2051
0.0,0.0,0.0,n2052
0.0,0.0,0.0,n2053
0.0,0.0,0.0,n2054
0.0,0.0,0.0,n2055
0.0,0.0,0.0,n2056
0.0,0.0,0.0,n2057
0.0,0.0,0.0,n2058
0.0,0.0,0.0,n2059
0.0,0.0,0.0,n2066
0.0,0.0,0.0,n2068
0.0,0.0,0.0,n2078
0.0,0.0,0.0,n2079
0.0,0.0,0.0,n2069
0.0,0.0,0.0,n2080
0.0,0.0,0.0,n2081
0.0,0.0,0.0,n2082
0.0,0.0,0.0,n2083
0.0,0.0,0.0,n2084
0.0,0.0,0.0,n2088
0.0,0.0,0.0,n2089
0.0,0.0,0.0,n2091
0.0,0.0,0.0,n2092
0.0,0.0,0.0,n2093
