idx,matchtype,partid,ppartid
0,0,n14,6
1,0,n3,2
2,0,n15,5
3,0,n1,1
4,0,n4,4
5,0,n6,8
6,0,n2,0
7,0,n5,3
8,0,n7,7
9,0,n16,11
10,0,n18,16
11,0,n17,12
12,0,n19,14
13,0,n8,10
14,0,n10,13
15,0,n9,9
16,0,n11,15
17,0,n20,19
18,0,n21,17
19,0,n12,18
20,0,n13,20
21,0,n38,26
22,0,n39,22
23,0,n22,21
24,0,n23,23
25,0,n24,24
26,0,n25,25
27,0,n40,27
28,0,n41,28
29,0,n42,32
30,0,n43,35
31,0,n30,33
32,0,n26,31
33,0,n27,30
34,0,n31,34
35,1,n28,undefined
36,0,n29,29
37,1,n35,undefined
38,0,n44,36
39,0,n45,41
40,0,n46,39
41,0,n47,40
42,0,n32,37
43,0,n36,43
44,1,n33,undefined
45,0,n34,38
46,0,n37,42
47,0,n58,47
48,0,n59,46
49,0,n48,45
50,0,n50,48
51,0,n49,44
52,0,n51,49
53,0,n60,53
54,0,n62,57
55,0,n61,52
56,0,n63,56
57,0,n52,50
58,0,n54,54
59,0,n53,51
60,0,n55,55
61,0,n64,60
62,0,n65,58
63,0,n56,59
64,0,n57,61
65,0,n82,67
66,0,n83,63
67,0,n66,62
68,0,n67,65
69,0,n68,64
70,0,n69,66
71,0,n84,68
72,0,n85,69
73,0,n89,79
74,1,n86,undefined
75,0,n87,72
76,0,n74,73
77,0,n70,70
78,1,n71,undefined
79,0,n72,74
80,0,n75,76
81,0,n73,71
82,0,n88,75
83,0,n90,82
84,0,n91,80
85,0,n76,78
86,0,n80,84
87,1,n77,undefined
88,0,n78,81
89,0,n79,77
90,0,n81,83
91,0,n102,88
92,0,n103,87
93,0,n92,86
94,0,n94,90
95,0,n93,85
96,0,n95,89
97,1,n104,undefined
98,0,n106,97
99,0,n105,93
100,0,n107,96
101,0,n96,92
102,0,n98,95
103,0,n97,91
104,0,n99,94
105,0,n108,101
106,0,n109,99
107,0,n100,100
108,0,n101,98
109,0,n135,107
110,0,n136,106
111,0,n110,105
112,0,n115,110
113,0,n111,103
114,0,n116,111
115,1,n112,undefined
116,1,n117,undefined
117,0,n113,102
118,0,n118,109
119,0,n114,104
120,0,n119,108
121,0,n137,115
122,0,n139,120
123,0,n138,116
124,0,n140,118
125,0,n120,114
126,0,n125,121
127,1,n121,undefined
128,1,n126,undefined
129,1,n122,undefined
130,1,n127,undefined
131,0,n123,113
132,0,n128,119
133,0,n124,112
134,0,n129,117
135,0,n141,126
136,0,n142,123
137,0,n130,122
138,1,n131,undefined
139,0,n132,125
140,0,n133,124
141,0,n134,127
142,0,n160,136
143,0,n161,134
144,0,n143,128
145,0,n147,132
146,0,n144,130
147,0,n148,135
148,0,n145,129
149,0,n149,137
150,0,n146,131
151,0,n150,133
152,0,n162,142
153,0,n164,147
154,0,n163,140
155,0,n165,146
156,0,n151,141
157,0,n154,143
158,0,n152,139
159,0,n155,145
160,0,n153,138
161,0,n156,144
162,0,n166,152
163,0,n167,149
164,0,n157,150
165,0,n158,151
166,0,n159,148
167,0,n178,154
168,0,n168,155
169,0,n179,153
170,0,n169,156
171,0,n170,157
172,0,n180,161
173,0,n181,160
174,0,n171,159
175,1,n172,undefined
176,0,n173,158
177,0,n182,166
178,0,n183,163
179,1,n174,undefined
180,1,n175,undefined
181,0,n176,164
182,0,n177,169
183,0,n194,168
184,0,n195,171
185,0,n184,165
186,0,n198,180
187,0,n185,167
188,0,n186,170
189,0,n187,172
190,0,n196,175
191,0,n197,176
192,0,n188,173
193,0,n190,177
194,0,n189,174
195,0,n199,181
196,0,n191,178
197,0,n193,182
198,0,n192,179
199,0,n209,185
200,1,n210,undefined
201,0,n200,183
202,0,n202,187
203,0,n201,184
204,0,n211,189
205,0,n212,191
206,0,n203,188
207,0,n205,192
208,0,n204,190
209,1,n216,undefined
210,0,n213,194
211,0,n214,195
212,0,n206,193
213,0,n208,197
214,0,n207,196
215,0,n224,199
216,0,n225,198
217,0,n217,200
218,0,n226,202
219,0,n227,204
220,0,n218,203
221,0,n223,205
222,0,n233,214
223,1,n219,undefined
224,0,n220,201
225,0,n228,209
226,0,n229,208
227,0,n230,206
228,0,n221,207
229,1,n222,undefined
230,0,n240,217
231,0,n241,211
232,0,n242,210
233,0,n231,212
234,1,n232,undefined
235,0,n243,213
236,0,n245,218
237,0,n234,216
238,0,n236,215
239,0,n246,224
240,0,n247,222
241,0,n248,220
242,0,n237,223
243,0,n238,221
244,1,n250,undefined
245,0,n239,219
246,0,n258,229
247,0,n259,227
248,0,n260,225
249,0,n249,226
250,0,n251,230
251,0,n261,228
252,0,n263,232
253,0,n252,233
254,0,n254,231
255,0,n264,239
256,0,n265,238
257,0,n266,237
258,0,n255,234
259,0,n256,236
260,1,n268,undefined
261,0,n257,235
262,0,n275,245
263,0,n276,241
264,0,n277,240
265,0,n267,242
266,0,n269,244
267,0,n278,243
268,0,n280,248
269,0,n270,247
270,0,n272,246
271,0,n273,249
272,0,n274,250
273,0,n282,251
274,0,n283,252
275,0,n285,275
276,0,n286,272
277,0,n290,254
278,0,n291,253
279,0,n292,256
280,0,n293,255
281,0,n294,258
282,0,n295,257
283,0,n298,260
284,0,n299,259
285,0,n300,262
286,0,n301,261
287,0,n302,264
288,0,n303,263
289,0,n306,266
290,0,n307,265
291,0,n308,268
292,0,n309,267
293,0,n310,269
294,0,n311,270
295,0,n313,273
296,0,n314,271
297,0,n315,276
298,0,n316,274
299,0,n317,277
300,0,n318,278
301,0,n329,282
302,0,n330,281
303,0,n319,280
304,0,n321,283
305,0,n320,279
306,0,n322,284
307,0,n331,288
308,0,n333,292
309,0,n332,287
310,0,n334,290
311,0,n323,286
312,0,n325,291
313,0,n324,285
314,0,n326,289
315,0,n335,296
316,0,n336,293
317,0,n327,294
318,0,n328,295
319,0,n353,302
320,0,n354,300
321,0,n337,297
322,0,n338,298
323,0,n339,299
324,0,n340,301
325,0,n355,303
326,0,n356,304
327,0,n357,308
328,0,n358,309
329,0,n345,311
330,0,n341,307
331,0,n342,305
332,0,n346,310
333,1,n343,undefined
334,0,n344,306
335,0,n359,312
336,0,n360,318
337,0,n361,317
338,0,n362,316
339,0,n347,313
340,0,n351,320
341,1,n348,undefined
342,0,n349,314
343,0,n350,315
344,0,n352,319
345,0,n373,323
346,0,n374,324
347,0,n363,322
348,0,n365,325
349,0,n364,321
350,0,n366,326
351,0,n375,330
352,0,n377,332
353,0,n376,327
354,0,n378,331
355,0,n367,329
356,1,n369,undefined
357,0,n368,328
358,1,n370,undefined
359,0,n379,334
360,0,n380,333
361,0,n400,343
362,1,n371,undefined
363,1,n372,undefined
364,0,n397,341
365,0,n398,338
366,0,n381,336
367,0,n382,339
368,0,n383,337
369,0,n384,340
370,0,n399,342
371,0,n401,344
372,0,n402,346
373,0,n389,347
374,1,n385,undefined
375,1,n386,undefined
376,0,n390,348
377,1,n387,undefined
378,0,n388,345
379,0,n403,349
380,0,n404,353
381,0,n405,354
382,0,n406,355
383,0,n391,350
384,0,n395,357
385,1,n392,undefined
386,0,n393,352
387,0,n394,351
388,0,n396,356
389,0,n417,361
390,0,n418,360
391,0,n407,359
392,0,n409,363
393,0,n411,364
394,0,n408,358
395,0,n410,362
396,0,n412,365
397,0,n419,367
398,0,n421,371
399,0,n420,366
400,0,n422,370
401,0,n413,368
402,0,n414,369
403,0,n423,375
404,0,n424,372
405,0,n415,374
406,0,n416,373
407,0,n445,380
408,0,n446,379
409,0,n425,378
410,0,n429,382
411,0,n426,377
412,0,n430,384
413,0,n427,376
414,0,n431,381
415,0,n428,383
416,0,n436,386
417,0,n440,393
418,0,n444,398
419,1,n432,undefined
420,0,n447,390
421,0,n449,394
422,0,n448,388
423,0,n450,392
424,0,n433,385
425,0,n437,391
426,0,n434,389
427,0,n438,395
428,0,n435,387
429,0,n439,396
430,0,n451,402
431,0,n452,400
432,0,n441,397
433,0,n442,401
434,0,n443,399
435,0,n473,408
436,0,n474,406
437,0,n453,404
438,0,n457,409
439,1,n454,undefined
440,1,n458,undefined
441,0,n455,403
442,0,n459,407
443,0,n456,405
444,0,n460,410
445,0,n475,415
446,0,n477,419
447,0,n476,413
448,0,n478,417
449,0,n461,414
450,0,n465,418
451,1,n469,undefined
452,1,n462,undefined
453,1,n466,undefined
454,0,n463,411
455,0,n467,416
456,0,n464,412
457,0,n468,420
458,0,n479,422
459,0,n480,423
460,1,n470,undefined
461,0,n471,421
462,0,n472,424
463,0,n490,428
464,0,n491,430
465,0,n492,425
466,0,n481,427
467,0,n482,429
468,0,n483,431
469,0,n484,426
470,0,n493,435
471,0,n494,433
472,1,n495,undefined
473,0,n485,436
474,0,n486,434
475,0,n487,432
476,0,n496,440
477,0,n497,438
478,0,n489,439
479,0,n488,441
480,0,n507,442
481,0,n508,443
482,1,n506,undefined
483,0,n498,444
484,0,n499,445
485,0,n509,449
486,0,n510,447
487,0,n500,446
488,0,n502,450
489,0,n501,448
490,0,n511,452
491,0,n512,453
492,0,n503,451
493,0,n505,455
494,0,n504,454
495,0,n522,457
496,0,n523,459
497,0,n513,456
498,0,n515,460
499,0,n514,458
500,0,n524,462
501,0,n525,463
502,0,n516,461
503,0,n518,466
504,0,n517,464
505,0,n526,469
506,0,n527,468
507,0,n519,467
508,0,n521,472
509,0,n520,470
510,0,n537,474
511,0,n538,473
512,0,n529,471
513,1,n532,undefined
514,0,n530,475
515,0,n539,477
516,0,n540,476
517,0,n531,479
518,0,n533,478
519,0,n541,484
520,0,n542,482
521,0,n543,483
522,0,n534,481
523,1,n535,undefined
524,0,n536,480
525,0,n553,492
526,0,n554,487
527,0,n555,485
528,0,n544,486
529,1,n545,undefined
530,0,n546,489
531,0,n556,488
532,0,n558,493
533,0,n547,491
534,0,n549,490
535,0,n559,497
536,0,n560,498
537,0,n561,495
538,0,n550,496
539,1,n551,undefined
540,0,n552,494
541,0,n571,504
542,0,n572,501
543,0,n573,499
544,0,n562,500
545,1,n563,undefined
546,0,n564,503
547,0,n574,502
548,0,n576,506
549,0,n565,507
550,0,n567,505
551,0,n577,513
552,0,n578,512
553,0,n579,510
554,0,n568,508
555,0,n569,511
556,0,n570,509
557,0,n588,519
558,0,n589,516
559,0,n590,514
560,0,n580,515
561,1,n581,undefined
562,0,n582,518
563,0,n591,517
564,0,n593,522
565,0,n583,520
566,0,n585,521
567,0,n594,524
568,0,n595,523
569,0,n586,525
570,0,n587,526
571,0,n610,534
572,0,n608,529
573,0,n611,531
574,0,n609,527
575,0,n600,532
576,0,n598,528
577,0,n601,533
578,0,n599,530
579,0,n612,538
580,0,n614,542
581,0,n613,535
582,0,n615,539
583,0,n602,536
584,0,n604,540
585,0,n603,537
586,0,n605,541
587,0,n618,548
588,0,n619,547
589,0,n616,545
590,0,n617,546
591,0,n630,550
592,0,n631,552
593,0,n620,551
594,0,n621,549
595,0,n632,555
596,0,n633,557
597,0,n622,554
598,0,n624,556
599,0,n623,553
600,0,n625,558
601,0,n634,561
602,0,n635,563
603,0,n626,559
604,0,n628,564
605,0,n627,560
606,0,n629,562
607,0,n648,567
608,0,n649,569
609,0,n636,565
610,0,n638,570
611,0,n637,566
612,0,n639,568
613,0,n650,572
614,0,n651,576
615,0,n640,573
616,0,n642,574
617,0,n641,571
618,0,n643,575
619,0,n652,579
620,0,n653,581
621,0,n644,578
622,1,n646,undefined
623,0,n645,577
624,0,n647,580
625,0,n666,583
626,0,n667,586
627,0,n654,582
628,0,n656,585
629,0,n655,584
630,0,n657,587
631,0,n668,590
632,0,n669,591
633,0,n658,588
634,0,n660,593
635,0,n659,589
636,0,n661,592
637,0,n670,595
638,0,n671,597
639,0,n662,594
640,0,n664,599
641,0,n663,596
642,0,n665,598
643,0,n679,600
644,0,n672,601
645,0,n673,602
646,0,n680,605
647,0,n674,603
648,0,n675,604
649,0,n681,610
650,0,n682,611
651,0,n683,606
652,0,n684,607
653,0,n676,608
654,1,n677,undefined
655,0,n678,609
656,0,n695,613
657,0,n696,614
658,0,n685,615
659,0,n686,612
660,0,n697,619
661,0,n698,620
662,0,n687,618
663,0,n689,622
664,0,n688,617
665,0,n690,621
666,0,n699,623
667,0,n700,626
668,0,n691,624
669,0,n693,627
670,0,n692,625
671,0,n694,628
672,0,n713,630
673,0,n714,632
674,0,n701,629
675,0,n703,634
676,0,n702,631
677,0,n704,633
678,0,n715,637
679,0,n716,639
680,0,n705,635
681,0,n707,640
682,0,n706,636
683,0,n708,638
684,0,n717,641
685,0,n718,644
686,1,n709,undefined
687,0,n711,643
688,0,n710,642
689,0,n712,645
690,0,n731,647
691,0,n732,651
692,0,n719,646
693,0,n721,649
694,0,n720,648
695,0,n722,650
696,0,n733,652
697,0,n734,656
698,0,n723,653
699,0,n725,655
700,0,n724,654
701,0,n726,657
702,0,n735,658
703,0,n736,663
704,1,n727,undefined
705,0,n729,661
706,0,n728,659
707,0,n730,662
708,0,n744,665
709,0,n737,664
710,0,n738,666
711,0,n745,668
712,0,n739,667
713,0,n740,669
714,0,n746,676
715,0,n747,675
716,0,n748,673
717,0,n749,670
718,0,n741,671
719,0,n742,672
720,0,n743,674
721,0,n760,677
722,0,n761,679
723,0,n750,678
724,0,n751,680
725,0,n762,681
726,0,n764,685
727,0,n763,682
728,0,n765,686
729,0,n752,684
730,1,n754,undefined
731,0,n753,683
732,0,n755,687
733,0,n766,689
734,0,n768,693
735,0,n767,690
736,0,n769,692
737,0,n756,688
738,0,n758,695
739,0,n757,691
740,0,n759,694
741,0,n782,697
742,0,n784,700
743,0,n783,699
744,0,n785,701
745,0,n770,696
746,0,n772,703
747,0,n771,698
748,0,n773,702
749,0,n786,704
750,0,n788,707
751,0,n787,705
752,0,n789,709
753,0,n776,710
754,1,n774,undefined
755,0,n775,706
756,0,n777,708
757,0,n790,711
758,0,n792,715
759,0,n791,713
760,0,n793,717
761,0,n778,714
762,0,n780,718
763,0,n779,712
764,0,n781,716
765,0,n808,725
766,0,n806,720
767,0,n809,723
768,0,n807,721
769,0,n796,726
770,0,n794,719
771,0,n797,724
772,0,n795,722
773,0,n810,728
774,0,n812,731
775,0,n813,733
776,1,n811,undefined
777,0,n798,729
778,0,n800,732
779,0,n799,727
780,0,n801,730
781,0,n814,736
782,0,n816,740
783,0,n815,737
784,0,n817,738
785,0,n802,734
786,0,n804,741
787,0,n803,735
788,0,n805,739
789,0,n830,744
790,0,n832,746
791,0,n831,743
792,0,n833,749
793,0,n818,742
794,0,n820,748
795,0,n819,745
796,0,n821,747
797,0,n834,750
798,0,n836,756
799,0,n835,751
800,0,n837,755
801,0,n822,752
802,0,n824,757
803,0,n823,753
804,0,n825,754
805,0,n838,758
806,0,n840,763
807,0,n839,761
808,0,n841,765
809,1,n855,undefined
810,0,n826,759
811,0,n828,762
812,0,n827,760
813,0,n829,764
814,0,n856,772
815,0,n854,767
816,0,n857,771
817,0,n844,770
818,0,n842,766
819,0,n845,769
820,0,n843,768
821,0,n858,773
822,0,n860,777
823,0,n859,774
824,0,n861,778
825,0,n846,775
826,0,n848,780
827,0,n847,776
828,0,n849,779
829,0,n862,784
830,0,n864,788
831,0,n863,783
832,0,n865,787
833,0,n850,781
834,0,n852,785
835,0,n851,782
836,0,n853,786
837,0,n881,792
838,0,n882,790
839,0,n883,789
840,0,n866,791
841,0,n867,793
842,0,n868,794
843,0,n884,799
844,0,n885,798
845,0,n874,800
846,0,n871,797
847,1,n869,undefined
848,1,n872,undefined
849,0,n875,801
850,0,n873,796
851,0,n870,795
852,0,n886,808
853,0,n887,809
854,0,n888,805
855,0,n876,803
856,0,n879,806
857,0,n890,814
858,1,n877,undefined
859,0,n878,804
860,0,n880,807
861,0,n897,817
862,0,n898,813
863,0,n899,812
864,0,n900,810
865,0,n889,811
866,0,n891,816
867,0,n901,824
868,0,n902,823
869,0,n892,819
870,0,n893,820
871,0,n903,830
872,0,n904,826
873,0,n905,827
874,0,n906,825
875,0,n894,828
876,0,n895,831
877,0,n896,829
878,0,n922,835
879,0,n923,834
880,0,n924,832
881,0,n907,833
882,0,n908,837
883,1,n913,undefined
884,0,n909,836
885,1,n925,undefined
886,0,n926,841
887,0,n915,842
888,0,n912,839
889,1,n910,undefined
890,0,n916,843
891,0,n914,840
892,0,n911,838
893,0,n927,848
894,0,n928,847
895,0,n929,846
896,0,n917,844
897,0,n920,850
898,0,n931,855
899,1,n918,undefined
900,0,n919,845
901,0,n921,849
902,0,n938,857
903,0,n939,854
904,0,n940,853
905,0,n941,851
906,0,n930,852
907,0,n932,856
908,0,n942,861
909,0,n943,860
910,0,n933,859
911,0,n934,858
912,0,n944,868
913,0,n945,865
914,1,n946,undefined
915,0,n947,863
916,0,n935,864
917,0,n936,867
918,0,n937,866
919,0,n963,873
920,0,n964,872
921,0,n965,870
922,0,n948,869
923,0,n949,875
924,1,n954,undefined
925,0,n950,871
926,1,n966,undefined
927,0,n967,879
928,0,n956,882
929,0,n953,880
930,0,n951,876
931,0,n957,883
932,0,n955,881
933,0,n952,877
934,0,n968,891
935,0,n969,890
936,0,n970,887
937,0,n958,884
938,0,n961,889
939,0,n959,885
940,0,n960,886
941,0,n962,888
942,0,n981,893
943,0,n982,896
944,0,n971,892
945,0,n974,897
946,0,n972,894
947,0,n973,895
948,0,n983,898
949,0,n984,900
950,0,n975,899
951,0,n976,901
952,0,n977,902
953,0,n985,905
954,0,n986,903
955,0,n978,907
956,0,n979,904
957,0,n980,908
958,0,n995,911
959,0,n996,909
960,0,n987,910
961,0,n988,912
962,0,n997,915
963,0,n998,913
964,0,n989,917
965,0,n990,914
966,0,n991,916
967,0,n999,920
968,0,n1000,918
969,0,n992,921
970,0,n993,919
971,0,n994,922
972,0,n1011,927
973,0,n1012,925
974,0,n1001,926
975,1,n1002,undefined
976,0,n1003,923
977,0,n1013,931
978,0,n1014,932
979,0,n1004,928
980,0,n1005,929
981,0,n1006,930
982,0,n1015,938
983,0,n1016,936
984,0,n1007,935
985,0,n1008,937
986,0,n1009,934
987,0,n1010,933
988,0,n1027,943
989,0,n1028,942
990,0,n1017,939
991,0,n1018,940
992,0,n1019,941
993,0,n1020,944
994,0,n1029,948
995,0,n1030,945
996,0,n1021,947
997,0,n1022,946
998,0,n1031,953
999,0,n1032,954
1000,0,n1023,951
1001,0,n1024,952
1002,0,n1025,950
1003,0,n1026,949
1004,0,n1041,959
1005,0,n1042,956
1006,0,n1033,957
1007,0,n1034,958
1008,0,n1035,955
1009,0,n1043,962
1010,1,n1044,undefined
1011,0,n1036,961
1012,0,n1037,960
1013,0,n1045,966
1014,0,n1038,964
1015,0,n1039,965
1016,0,n1040,963
1017,0,n1053,968
1018,0,n1046,970
1019,0,n1047,969
1020,0,n1048,967
1021,0,n1049,971
1022,0,n1055,974
1023,1,n1056,undefined
1024,0,n1050,975
1025,0,n1051,972
1026,0,n1052,973
1027,0,n1059,977
1028,0,n1060,976
1029,0,n1057,979
1030,0,n1058,981
1031,0,n1061,980
1032,0,n1062,978
1033,0,n1063,983
1034,0,n1064,982
1035,0,n1071,985
1036,0,n1072,984
1037,0,n1073,989
1038,0,n1074,986
1039,0,n1067,987
1040,0,n1068,988
1041,0,n1075,993
1042,0,n1076,992
1043,0,n1069,991
1044,0,n1070,990
1045,0,n1079,995
1046,0,n1080,994
1047,0,n1077,997
1048,0,n1078,1001
1049,0,n1081,998
1050,0,n1082,996
1051,0,n1083,999
1052,0,n1084,1000
1053,0,n1091,1003
1054,0,n1092,1002
1055,0,n1093,1007
1056,0,n1094,1006
1057,0,n1087,1004
1058,0,n1088,1005
1059,0,n1095,1011
1060,0,n1096,1010
1061,0,n1089,1008
1062,0,n1090,1009
1063,0,n1107,1015
1064,0,n1108,1014
1065,0,n1097,1013
1066,0,n1099,1016
1067,0,n1098,1012
1068,0,n1100,1017
1069,0,n1109,1019
1070,0,n1111,1025
1071,0,n1110,1020
1072,0,n1112,1024
1073,0,n1101,1018
1074,0,n1103,1022
1075,0,n1102,1021
1076,0,n1104,1023
1077,0,n1113,1028
1078,0,n1114,1026
1079,0,n1105,1027
1080,0,n1106,1029
1081,0,n1131,1035
1082,0,n1132,1031
1083,0,n1115,1030
1084,0,n1116,1032
1085,0,n1117,1033
1086,0,n1118,1034
1087,0,n1133,1036
1088,0,n1134,1039
1089,0,n1135,1041
1090,0,n1136,1042
1091,0,n1123,1043
1092,0,n1119,1037
1093,0,n1120,1040
1094,0,n1124,1044
1095,1,n1121,undefined
1096,0,n1122,1038
1097,0,n1137,1045
1098,0,n1138,1051
1099,0,n1139,1050
1100,0,n1140,1049
1101,0,n1125,1046
1102,0,n1129,1053
1103,1,n1126,undefined
1104,0,n1127,1047
1105,0,n1128,1048
1106,0,n1130,1052
1107,0,n1151,1057
1108,0,n1152,1056
1109,0,n1141,1054
1110,0,n1143,1058
1111,0,n1142,1055
1112,0,n1144,1059
1113,0,n1153,1063
1114,0,n1155,1067
1115,0,n1154,1060
1116,0,n1156,1064
1117,0,n1145,1062
1118,0,n1147,1066
1119,0,n1146,1061
1120,0,n1148,1065
1121,0,n1157,1068
1122,0,n1158,1069
1123,0,n1149,1070
1124,0,n1150,1071
1125,0,n1175,1076
1126,0,n1176,1074
1127,0,n1159,1072
1128,0,n1160,1075
1129,0,n1161,1073
1130,0,n1162,1077
1131,0,n1177,1078
1132,0,n1178,1079
1133,0,n1179,1082
1134,0,n1180,1083
1135,0,n1167,1084
1136,0,n1163,1080
1137,1,n1164,undefined
1138,0,n1168,1085
1139,1,n1165,undefined
1140,0,n1166,1081
1141,1,n1181,undefined
1142,0,n1182,1090
1143,0,n1183,1092
1144,0,n1184,1091
1145,0,n1169,1087
1146,0,n1173,1094
1147,1,n1170,undefined
1148,0,n1171,1089
1149,0,n1172,1088
1150,0,n1174,1093
1151,0,n1195,1098
1152,0,n1196,1097
1153,0,n1185,1096
1154,0,n1187,1100
1155,0,n1186,1095
1156,0,n1188,1099
1157,0,n1197,1104
1158,0,n1199,1107
1159,0,n1198,1103
1160,0,n1200,1106
1161,0,n1189,1101
1162,0,n1191,1108
1163,0,n1190,1102
1164,0,n1192,1105
1165,0,n1201,1110
1166,0,n1202,1109
1167,0,n1193,1111
1168,0,n1194,1112
1169,0,n1228,1118
1170,0,n1229,1117
1171,0,n1203,1116
1172,0,n1208,1122
1173,0,n1204,1114
1174,0,n1209,1120
1175,1,n1205,undefined
1176,1,n1210,undefined
1177,0,n1206,1113
1178,0,n1211,1121
1179,0,n1207,1115
1180,0,n1212,1119
1181,0,n1230,1126
1182,0,n1232,1132
1183,0,n1231,1125
1184,0,n1233,1129
1185,0,n1213,1127
1186,0,n1218,1131
1187,1,n1214,undefined
1188,1,n1219,undefined
1189,1,n1215,undefined
1190,1,n1220,undefined
1191,0,n1216,1124
1192,0,n1221,1130
1193,0,n1217,1123
1194,0,n1222,1128
1195,0,n1234,1138
1196,0,n1235,1135
1197,0,n1223,1133
1198,1,n1224,undefined
1199,0,n1225,1137
1200,0,n1226,1136
1201,0,n1227,1134
1202,0,n1253,1148
1203,0,n1254,1146
1204,0,n1236,1142
1205,0,n1240,1143
1206,0,n1237,1139
1207,0,n1241,1147
1208,0,n1238,1140
1209,0,n1242,1144
1210,0,n1239,1141
1211,0,n1243,1145
1212,0,n1255,1153
1213,0,n1257,1158
1214,0,n1256,1152
1215,0,n1258,1154
1216,0,n1244,1150
1217,0,n1247,1156
1218,0,n1245,1151
1219,0,n1248,1157
1220,0,n1246,1149
1221,0,n1249,1155
1222,0,n1259,1161
1223,0,n1260,1163
1224,0,n1250,1162
1225,0,n1251,1160
1226,0,n1252,1159
1227,0,n1271,1167
1228,0,n1261,1165
1229,0,n1272,1164
1230,0,n1262,1166
1231,0,n1263,1168
1232,0,n1273,1173
1233,0,n1274,1169
1234,0,n1264,1170
1235,1,n1265,undefined
1236,1,n1266,undefined
1237,0,n1275,1178
1238,0,n1276,1179
1239,0,n1267,1177
1240,1,n1268,undefined
1241,0,n1269,1176
1242,0,n1270,1180
1243,0,n1286,1188
1244,0,n1287,1187
1245,0,n1288,1184
1246,0,n1289,1182
1247,0,n1277,1181
1248,0,n1278,1185
1249,0,n1279,1183
1250,0,n1280,1186
1251,0,n1290,1192
1252,0,n1291,1190
1253,0,n1281,1191
1254,0,n1282,1189
1255,0,n1292,1199
1256,0,n1293,1197
1257,0,n1294,1195
1258,0,n1295,1193
1259,0,n1283,1194
1260,0,n1284,1196
1261,0,n1285,1198
1262,0,n1304,1203
1263,0,n1305,1202
1264,0,n1296,1201
1265,0,n1297,1200
1266,0,n1306,1214
1267,0,n1307,1211
1268,0,n1308,1207
1269,0,n1309,1205
1270,0,n1298,1204
1271,0,n1299,1206
1272,0,n1300,1210
1273,0,n1301,1212
1274,0,n1310,1219
1275,0,n1311,1216
1276,0,n1302,1217
1277,0,n1303,1215
1278,0,n1322,1226
1279,0,n1323,1223
1280,0,n1324,1221
1281,0,n1312,1220
1282,0,n1313,1224
1283,0,n1314,1222
1284,0,n1315,1225
1285,0,n1325,1231
1286,0,n1326,1228
1287,0,n1316,1229
1288,0,n1317,1227
1289,0,n1327,1238
1290,0,n1328,1236
1291,0,n1329,1233
1292,0,n1318,1232
1293,0,n1319,1234
1294,0,n1320,1235
1295,0,n1321,1237
1296,0,n1338,1239
1297,0,n1339,1240
1298,0,n1330,1242
1299,0,n1331,1241
1300,0,n1340,1251
1301,0,n1341,1249
1302,0,n1342,1246
1303,0,n1343,1244
1304,0,n1332,1245
1305,0,n1333,1247
1306,0,n1334,1248
1307,0,n1335,1252
1308,0,n1344,1257
1309,0,n1345,1255
1310,0,n1336,1256
1311,0,n1337,1254
1312,0,n1348,1260
1313,0,n1349,1259
1314,0,n1346,1261
1315,0,n1347,1258
1316,0,n1360,1263
1317,0,n1361,1262
1318,0,n1350,1264
1319,0,n1351,1265
1320,0,n1364,1272
1321,0,n1362,1269
1322,0,n1365,1271
1323,0,n1363,1268
1324,0,n1354,1273
1325,0,n1352,1266
1326,0,n1355,1270
1327,0,n1353,1267
1328,0,n1366,1277
1329,0,n1368,1282
1330,0,n1367,1274
1331,0,n1369,1280
1332,0,n1356,1275
1333,0,n1358,1279
1334,0,n1357,1276
1335,0,n1359,1278
1336,0,n1372,1285
1337,0,n1373,1283
1338,0,n1370,1284
1339,0,n1371,1286
1340,0,n1385,1287
1341,0,n1386,1289
1342,0,n1387,1290
1343,0,n1383,1288
1344,0,n1388,1291
1345,0,n1389,1293
1346,0,n1390,1294
1347,0,n1384,1295
1348,0,n1391,1292
1349,0,n1395,1296
1350,0,n1396,1300
1351,0,n1397,1298
1352,0,n1393,1297
1353,0,n1398,1299
1354,0,n1399,1302
1355,0,n1400,1303
1356,0,n1394,1304
1357,0,n1401,1301
1358,0,n1405,1305
1359,0,n1406,1309
1360,0,n1407,1307
1361,0,n1403,1306
1362,0,n1408,1308
1363,0,n1409,1311
1364,0,n1410,1312
1365,0,n1404,1313
1366,0,n1411,1310
1367,0,n1415,1314
1368,0,n1416,1317
1369,0,n1417,1316
1370,0,n1413,1315
1371,0,n1418,1318
1372,0,n1419,1322
1373,0,n1420,1321
1374,0,n1414,1320
1375,0,n1421,1319
1376,0,n1427,1323
1377,0,n1422,1334
1378,0,n1428,1324
1379,0,n1429,1326
1380,0,n1425,1327
1381,0,n1430,1325
1382,0,n1423,1332
1383,0,n1431,1331
1384,0,n1432,1330
1385,0,n1426,1329
1386,0,n1433,1328
1387,0,n1424,1333
1388,0,n1440,1335
1389,0,n1434,1344
1390,0,n1441,1338
1391,0,n1442,1340
1392,0,n1436,1339
1393,0,n1443,1337
1394,0,n1437,1336
1395,0,n1444,1343
1396,0,n1445,1342
1397,0,n1438,1341
1398,1,n1446,undefined
1399,0,n1439,1346
1400,0,n1435,1345
1401,0,n1453,1347
1402,0,n1447,1348
1403,0,n1454,1351
1404,0,n1455,1352
1405,0,n1450,1350
1406,0,n1456,1349
1407,0,n1448,1358
1408,0,n1457,1355
1409,0,n1458,1353
1410,0,n1451,1356
1411,0,n1459,1354
1412,0,n1452,1357
1413,0,n1449,1359
1414,0,n1465,1360
1415,0,n1460,1386
1416,0,n1466,1362
1417,0,n1467,1364
1418,0,n1461,1365
1419,0,n1468,1363
1420,0,n1462,1361
1421,0,n1469,1370
1422,0,n1470,1367
1423,0,n1463,1368
1424,0,n1471,1369
1425,0,n1464,1366
1426,0,n1479,1372
1427,0,n1480,1374
1428,0,n1473,1375
1429,0,n1481,1373
1430,0,n1474,1371
1431,0,n1482,1377
1432,0,n1483,1376
1433,0,n1484,1380
1434,0,n1475,1379
1435,0,n1476,1378
1436,0,n1485,1383
1437,0,n1486,1384
1438,0,n1487,1382
1439,0,n1477,1381
1440,0,n1478,1385
1441,0,n1495,1391
1442,0,n1496,1389
1443,0,n1497,1387
1444,0,n1488,1390
1445,0,n1489,1388
1446,0,n1498,1394
1447,0,n1499,1392
1448,0,n1491,1395
1449,0,n1492,1393
1450,0,n1500,1398
1451,0,n1501,1396
1452,0,n1493,1399
1453,0,n1494,1397
1454,0,n1508,1402
1455,0,n1509,1400
1456,0,n1502,1403
1457,0,n1503,1401
1458,0,n1510,1406
1459,0,n1511,1404
1460,0,n1504,1407
1461,0,n1505,1405
1462,0,n1512,1410
1463,0,n1513,1409
1464,0,n1506,1408
1465,0,n1507,1411
1466,0,n1520,1414
1467,0,n1521,1412
1468,0,n1514,1415
1469,0,n1515,1413
1470,0,n1522,1419
1471,0,n1523,1417
1472,0,n1516,1418
1473,0,n1517,1416
1474,0,n1524,1421
1475,0,n1525,1423
1476,0,n1518,1420
1477,0,n1519,1422
1478,0,n1532,1424
1479,0,n1526,1435
1480,0,n1533,1425
1481,0,n1534,1426
1482,0,n1530,1428
1483,0,n1535,1427
1484,0,n1527,1433
1485,0,n1536,1432
1486,0,n1537,1431
1487,0,n1531,1430
1488,0,n1538,1429
1489,0,n1528,1434
1490,0,n1545,1436
1491,0,n1539,1442
1492,0,n1546,1439
1493,0,n1547,1440
1494,0,n1541,1441
1495,0,n1548,1438
1496,0,n1542,1437
1497,0,n1549,1446
1498,0,n1550,1445
1499,0,n1543,1444
1500,0,n1551,1443
1501,0,n1544,1448
1502,0,n1540,1447
1503,0,n1558,1449
1504,0,n1552,1450
1505,1,n1559,undefined
1506,0,n1560,1452
1507,0,n1556,1453
1508,0,n1561,1451
1509,0,n1553,1455
1510,0,n1562,1457
1511,0,n1563,1456
1512,0,n1557,1458
1513,0,n1564,1454
1514,0,n1554,1459
1515,0,n1555,1460
1516,0,n1571,1461
1517,0,n1565,1462
1518,0,n1572,1465
1519,0,n1573,1464
1520,0,n1567,1466
1521,0,n1574,1467
1522,0,n1568,1463
1523,0,n1566,1490
1524,0,n1575,1469
1525,0,n1576,1472
1526,0,n1569,1468
1527,0,n1577,1470
1528,0,n1570,1471
1529,0,n1585,1475
1530,0,n1586,1474
1531,0,n1579,1477
1532,0,n1587,1476
1533,0,n1580,1473
1534,0,n1588,1478
1535,0,n1589,1479
1536,0,n1590,1482
1537,0,n1581,1480
1538,0,n1582,1481
1539,0,n1591,1483
1540,0,n1592,1487
1541,0,n1593,1486
1542,0,n1583,1484
1543,0,n1584,1485
1544,0,n1600,1492
1545,0,n1601,1491
1546,0,n1602,1488
1547,0,n1594,1493
1548,0,n1595,1489
1549,0,n1603,1496
1550,0,n1604,1495
1551,0,n1596,1497
1552,0,n1597,1494
1553,0,n1605,1499
1554,0,n1606,1500
1555,0,n1598,1498
1556,0,n1599,1501
1557,0,n1613,1504
1558,0,n1614,1502
1559,0,n1607,1505
1560,0,n1608,1503
1561,0,n1615,1508
1562,0,n1616,1507
1563,0,n1609,1509
1564,0,n1610,1506
1565,0,n1617,1513
1566,0,n1618,1510
1567,0,n1611,1511
1568,0,n1612,1512
1569,0,n1625,1516
1570,0,n1626,1515
1571,0,n1619,1517
1572,0,n1620,1514
1573,0,n1627,1520
1574,0,n1628,1519
1575,0,n1621,1521
1576,0,n1622,1518
1577,0,n1629,1524
1578,0,n1630,1525
1579,0,n1623,1522
1580,0,n1624,1523
1581,0,n1636,1526
1582,0,n1631,1537
1583,0,n1637,1529
1584,0,n1638,1528
1585,0,n1634,1530
1586,0,n1639,1527
1587,0,n1632,1535
1588,0,n1640,1534
1589,0,n1641,1533
1590,0,n1635,1532
1591,0,n1642,1531
1592,0,n1633,1536
1593,0,n1649,1538
1594,0,n1643,1547
1595,0,n1650,1542
1596,0,n1651,1540
1597,0,n1645,1543
1598,0,n1652,1541
1599,0,n1646,1539
1600,0,n1653,1548
1601,1,n1663,undefined
1602,0,n1654,1546
1603,0,n1647,1545
1604,0,n1655,1544
1605,0,n1648,1550
1606,0,n1644,1549
1607,0,n1662,1551
1608,0,n1656,1552
1609,0,n1664,1555
1610,0,n1659,1554
1611,0,n1665,1553
1612,0,n1657,1560
1613,0,n1666,1557
1614,0,n1667,1556
1615,0,n1660,1558
1616,1,n1668,undefined
1617,0,n1661,1559
1618,0,n1658,1561
1619,0,n1674,1562
1620,0,n1669,1588
1621,0,n1675,1566
1622,0,n1676,1564
1623,0,n1670,1565
1624,0,n1677,1563
1625,0,n1671,1567
1626,0,n1678,1568
1627,0,n1679,1569
1628,0,n1672,1570
1629,0,n1680,1571
1630,0,n1673,1572
1631,0,n1688,1573
1632,0,n1689,1576
1633,0,n1682,1577
1634,0,n1690,1575
1635,0,n1683,1574
1636,0,n1691,1578
1637,0,n1692,1579
1638,0,n1693,1582
1639,0,n1684,1581
1640,0,n1685,1580
1641,0,n1694,1586
1642,0,n1695,1583
1643,0,n1696,1584
1644,0,n1686,1587
1645,0,n1687,1585
1646,0,n1704,1592
1647,0,n1705,1591
1648,0,n1706,1589
1649,0,n1697,1593
1650,0,n1698,1590
1651,0,n1707,1596
1652,0,n1708,1594
1653,0,n1700,1597
1654,0,n1701,1595
1655,0,n1709,1601
1656,0,n1710,1598
1657,0,n1702,1599
1658,0,n1703,1600
1659,0,n1717,1604
1660,0,n1718,1602
1661,0,n1711,1605
1662,0,n1712,1603
1663,0,n1719,1608
1664,0,n1720,1606
1665,0,n1713,1609
1666,0,n1714,1607
1667,0,n1721,1613
1668,0,n1722,1611
1669,0,n1715,1610
1670,0,n1716,1612
1671,0,n1729,1616
1672,0,n1730,1614
1673,0,n1723,1617
1674,0,n1724,1615
1675,0,n1731,1620
1676,0,n1732,1618
1677,0,n1725,1621
1678,0,n1726,1619
1679,0,n1733,1624
1680,0,n1734,1625
1681,0,n1727,1622
1682,0,n1728,1623
1683,0,n1742,1626
1684,0,n1735,1627
1685,0,n1743,1629
1686,0,n1738,1628
1687,0,n1744,1631
1688,0,n1739,1630
1689,0,n1736,1636
1690,0,n1745,1633
1691,0,n1740,1634
1692,0,n1746,1632
1693,0,n1741,1635
1694,0,n1737,1637
1695,0,n1753,1638
1696,0,n1747,1645
1697,0,n1754,1641
1698,0,n1755,1639
1699,0,n1751,1646
1700,1,n1749,undefined
1701,0,n1756,1643
1702,0,n1750,1642
1703,0,n1757,1648
1704,0,n1758,1647
1705,0,n1759,1644
1706,0,n1752,1649
1707,0,n1748,1650
1708,0,n1767,1651
1709,0,n1760,1653
1710,0,n1768,1656
1711,0,n1769,1657
1712,0,n1764,1655
1713,0,n1770,1654
1714,0,n1761,1652
1715,0,n1771,1660
1716,0,n1772,1659
1717,0,n1773,1658
1718,0,n1765,1662
1719,0,n1766,1663
1720,0,n1762,1661
1721,0,n1780,1664
1722,0,n1774,1670
1723,0,n1781,1666
1724,0,n1782,1667
1725,0,n1783,1665
1726,0,n1776,1669
1727,0,n1777,1668
1728,0,n1784,1673
1729,0,n1785,1671
1730,0,n1786,1672
1731,0,n1778,1675
1732,0,n1779,1674
1733,0,n1796,1678
1734,0,n1789,1676
1735,0,n1787,1679
1736,0,n1788,1677
1737,0,n1797,1680
1738,0,n1792,1681
1739,0,n1798,1682
1740,0,n1793,1683
1741,0,n1790,1687
1742,0,n1799,1685
1743,0,n1794,1686
1744,0,n1800,1684
1745,0,n1795,1689
1746,0,n1791,1688
1747,0,n1807,1690
1748,0,n1801,1696
1749,0,n1808,1692
1750,0,n1809,1694
1751,0,n1803,1693
1752,0,n1810,1695
1753,0,n1804,1691
1754,0,n1811,1699
1755,0,n1812,1700
1756,0,n1805,1698
1757,0,n1813,1697
1758,0,n1806,1701
1759,0,n1802,1702
1760,0,n1821,1703
1761,0,n1814,1710
1762,0,n1822,1707
1763,0,n1823,1706
1764,0,n1818,1705
1765,0,n1824,1709
1766,0,n1815,1704
1767,0,n1825,1712
1768,0,n1826,1713
1769,0,n1827,1711
1770,0,n1819,1715
1771,0,n1820,1714
1772,0,n1816,1716
1773,0,n1835,1717
1774,0,n1828,1725
1775,0,n1836,1719
1776,0,n1837,1720
1777,0,n1838,1722
1778,0,n1831,1721
1779,0,n1839,1723
1780,0,n1832,1718
1781,0,n1829,1724
1782,0,n1840,1731
1783,0,n1841,1729
1784,0,n1842,1727
1785,0,n1833,1728
1786,0,n1843,1730
1787,0,n1834,1726
1788,0,n1830,1732
1789,0,n1848,1736
1790,0,n1849,1733
1791,0,n1850,1735
1792,0,n1845,1734
1793,0,n1851,1737
1794,0,n1844,1781
1795,0,n1852,1740
1796,0,n1853,1738
1797,0,n1854,1739
1798,0,n1846,1741
1799,0,n1855,1743
1800,0,n1856,1745
1801,0,n1857,1744
1802,0,n1847,1742
1803,0,n1862,1748
1804,0,n1863,1746
1805,0,n1864,1747
1806,0,n1859,1749
1807,1,n1865,undefined
1808,0,n1866,1750
1809,0,n1867,1751
1810,0,n1860,1753
1811,0,n1868,1755
1812,0,n1875,1760
1813,1,n1878,undefined
1814,0,n1869,1754
1815,0,n1870,1756
1816,0,n1861,1757
1817,0,n1876,1759
1818,0,n1877,1758
1819,0,n1872,1761
1820,0,n1879,1762
1821,0,n1880,1763
1822,0,n1873,1765
1823,0,n1881,1766
1824,0,n1888,1772
1825,1,n1891,undefined
1826,0,n1882,1768
1827,0,n1883,1769
1828,0,n1874,1767
1829,0,n1889,1770
1830,0,n1890,1771
1831,0,n1885,1773
1832,0,n1892,1774
1833,0,n1893,1775
1834,0,n1886,1777
1835,0,n1894,1780
1836,0,n1895,1778
1837,0,n1896,1779
1838,0,n1887,1782
1839,0,n1902,1783
1840,0,n1897,1795
1841,0,n1903,1787
1842,0,n1904,1784
1843,0,n1900,1785
1844,0,n1905,1786
1845,0,n1898,1792
1846,0,n1906,1791
1847,0,n1907,1790
1848,0,n1901,1789
1849,0,n1908,1788
1850,0,n1899,1793
1851,0,n1915,1794
1852,0,n1909,1805
1853,0,n1916,1800
1854,0,n1917,1799
1855,0,n1911,1797
1856,0,n1918,1798
1857,0,n1912,1796
1858,0,n1919,1804
1859,0,n1920,1803
1860,0,n1913,1802
1861,0,n1921,1801
1862,0,n1914,1807
1863,0,n1910,1806
1864,0,n1928,1808
1865,0,n1922,1809
1866,0,n1929,1812
1867,0,n1930,1811
1868,0,n1925,1813
1869,0,n1931,1810
1870,0,n1923,1818
1871,0,n1932,1815
1872,0,n1933,1814
1873,0,n1926,1816
1874,1,n1934,undefined
1875,0,n1927,1817
1876,0,n1924,1819
1877,0,n1940,1820
1878,0,n1935,1846
1879,0,n1941,1823
1880,0,n1942,1821
1881,0,n1936,1824
1882,0,n1943,1825
1883,0,n1937,1822
1884,0,n1944,1829
1885,0,n1945,1826
1886,0,n1938,1828
1887,0,n1946,1827
1888,0,n1939,1830
1889,0,n1954,1833
1890,0,n1955,1834
1891,0,n1948,1835
1892,0,n1956,1832
1893,0,n1949,1831
1894,0,n1957,1838
1895,0,n1958,1836
1896,0,n1959,1840
1897,0,n1950,1837
1898,0,n1951,1839
1899,0,n1960,1842
1900,0,n1961,1841
1901,0,n1962,1843
1902,0,n1952,1845
1903,0,n1953,1844
1904,0,n1970,1849
1905,0,n1971,1850
1906,0,n1972,1847
1907,0,n1968,1848
1908,1,n1969,undefined
1909,0,n1973,1853
1910,0,n1974,1851
1911,0,n1964,1854
1912,0,n1965,1852
1913,0,n1975,1858
1914,0,n1976,1855
1915,0,n1966,1856
1916,0,n1967,1857
1917,0,n1983,1861
1918,0,n1984,1859
1919,0,n1977,1862
1920,0,n1978,1860
1921,0,n1985,1865
1922,0,n1986,1863
1923,0,n1979,1866
1924,0,n1980,1864
1925,0,n1987,1868
1926,0,n1988,1867
1927,0,n1981,1870
1928,0,n1982,1869
1929,0,n1995,1873
1930,0,n1996,1871
1931,0,n1989,1874
1932,0,n1990,1872
1933,1,n1997,undefined
1934,0,n1998,1876
1935,0,n1991,1877
1936,0,n1992,1875
1937,0,n1999,1880
1938,0,n2000,1881
1939,0,n1993,1878
1940,0,n1994,1879
1941,0,n2007,1882
1942,0,n2001,1893
1943,0,n2008,1885
1944,0,n2009,1884
1945,0,n2005,1886
1946,0,n2010,1883
1947,0,n2002,1891
1948,0,n2011,1890
1949,0,n2012,1889
1950,0,n2006,1887
1951,0,n2013,1888
1952,0,n2003,1892
1953,0,n2021,1894
1954,0,n2014,1903
1955,0,n2022,1898
1956,0,n2023,1897
1957,0,n2017,1899
1958,0,n2024,1896
1959,0,n2018,1895
1960,0,n2025,1904
1961,0,n2026,1902
1962,0,n2019,1901
1963,0,n2027,1900
1964,0,n2020,1906
1965,0,n2015,1905
1966,0,n2035,1907
1967,0,n2028,1908
1968,0,n2036,1912
1969,0,n2037,1911
1970,0,n2032,1910
1971,0,n2038,1909
1972,0,n2029,1916
1973,0,n2039,1915
1974,0,n2040,1914
1975,0,n2033,1917
1976,0,n2041,1913
1977,0,n2034,1918
1978,0,n2030,1919
1979,0,n2049,1920
1980,0,n2042,1921
1981,0,n2050,1922
1982,0,n2051,1925
1983,0,n2045,1923
1984,0,n2052,1926
1985,0,n2046,1924
1986,0,n2043,1946
1987,0,n2063,1932
1988,1,n2053,undefined
1989,0,n2054,1927
1990,0,n2047,1929
1991,0,n2055,1930
1992,0,n2048,1928
1993,0,n2064,1933
1994,0,n2057,1935
1995,0,n2065,1934
1996,0,n2058,1931
1997,0,n2066,1936
1998,0,n2067,1938
1999,0,n2068,1940
2000,0,n2059,1937
2001,0,n2060,1939
2002,0,n2069,1941
2003,0,n2070,1945
2004,0,n2071,1942
2005,0,n2061,1944
2006,0,n2062,1943
2007,0,n2079,1950
2008,0,n2080,1949
2009,0,n2081,1948
2010,0,n2077,1951
2011,0,n2078,1947
2012,0,n2082,1954
2013,0,n2083,1952
2014,0,n2073,1955
2015,0,n2074,1953
2016,0,n2084,1958
2017,0,n2085,1959
2018,0,n2075,1957
2019,0,n2076,1956
2020,0,n2092,1962
2021,0,n2093,1960
2022,0,n2086,1963
2023,0,n2087,1961
2024,0,n2094,1967
2025,0,n2095,1965
2026,0,n2088,1966
2027,0,n2089,1964
2028,0,n2096,1968
2029,0,n2097,1970
2030,0,n2090,1969
2031,0,n2091,1971
2032,0,n2105,1974
2033,0,n2106,1973
2034,0,n2098,1975
2035,0,n2099,1972
2036,0,n2107,1979
2037,0,n2108,1977
2038,0,n2100,1978
2039,0,n2101,1976
2040,0,n2109,1982
2041,0,n2110,1981
2042,0,n2102,1983
2043,0,n2103,1980
2044,0,n2104,1984
2045,0,n2120,1988
2046,0,n2111,1985
2047,0,n2112,1986
2048,0,n2113,1987
2049,0,n2116,1989
2050,0,n2117,1990
2051,0,n2114,1993
2052,0,n2122,1992
2053,0,n2118,1995
2054,0,n2119,1991
2055,0,n2115,1994
2056,0,n2138,1996
2057,1,n2133,undefined
2058,0,n2141,1997
2059,0,n2145,2001
2060,1,n2143,undefined
2061,1,n2135,undefined
2062,1,n2134,undefined
2063,1,n2139,undefined
2064,0,n2142,2000
2065,0,n2146,2002
2066,1,n2144,undefined
2067,1,n2140,undefined
2068,0,n2127,1999
2069,0,n2128,1998
2070,0,n2123,2014
2071,0,n2147,2003
2072,0,n2151,2007
2073,1,n2149,undefined
2074,0,n2153,2008
2075,0,n2150,2005
2076,1,n2148,undefined
2077,0,n2154,2010
2078,1,n2152,undefined
2079,0,n2129,2006
2080,0,n2130,2004
2081,0,n2160,2013
2082,0,n2157,2012
2083,1,n2155,undefined
2084,1,n2159,undefined
2085,0,n2161,2016
2086,1,n2156,undefined
2087,1,n2158,undefined
2088,0,n2131,2009
2089,0,n2132,2011
2090,0,n2124,2015
2091,0,n2172,2019
2092,0,n2166,2018
2093,0,n2167,2017
2094,0,n2163,2020
2095,0,n2173,2023
2096,0,n2168,2021
2097,0,n2169,2022
2098,0,n2164,2026
2099,0,n2174,2024
2100,0,n2170,2028
2101,0,n2171,2025
2102,0,n2165,2027
2103,0,n2190,2029
2104,1,n2185,undefined
2105,0,n2193,2031
2106,1,n2191,undefined
2107,1,n2195,undefined
2108,0,n2197,2034
2109,1,n2187,undefined
2110,1,n2186,undefined
2111,0,n2196,2033
2112,1,n2194,undefined
2113,1,n2192,undefined
2114,0,n2179,2032
2115,0,n2180,2030
2116,0,n2175,2049
2117,0,n2199,2036
2118,0,n2203,2040
2119,0,n2205,2041
2120,0,n2209,2045
2121,0,n2213,2047
2122,1,n2201,undefined
2123,1,n2211,undefined
2124,0,n2198,2035
2125,0,n2202,2039
2126,0,n2204,2043
2127,1,n2200,undefined
2128,0,n2181,2037
2129,0,n2182,2038
2130,0,n2212,2046
2131,1,n2207,undefined
2132,1,n2206,undefined
2133,1,n2208,undefined
2134,1,n2210,undefined
2135,0,n2183,2042
2136,0,n2184,2044
2137,0,n2176,2048
2138,0,n2224,2050
2139,0,n2218,2052
2140,0,n2219,2051
2141,0,n2215,2053
2142,0,n2225,2054
2143,0,n2220,2055
2144,0,n2221,2056
2145,0,n2216,2057
2146,0,n2226,2062
2147,0,n2227,2058
2148,0,n2222,2063
2149,0,n2228,2059
2150,0,n2223,2061
2151,0,n2217,2060
2152,0,n2238,2064
2153,0,n2239,2069
2154,0,n2236,2065
2155,0,n2240,2068
2156,0,n2237,2066
2157,0,n2229,2067
2158,0,n2241,2072
2159,0,n2242,2071
2160,0,n2243,2075
2161,0,n2230,2070
2162,0,n2231,2073
2163,0,n2232,2074
2164,0,n2244,2078
2165,0,n2245,2079
2166,0,n2246,2080
2167,0,n2233,2077
2168,0,n2234,2076
2169,0,n2235,2081
2170,0,n2256,2083
2171,0,n2257,2086
2172,0,n2258,2085
2173,0,n2247,2082
2174,0,n2248,2084
2175,0,n2249,2087
2176,0,n2259,2091
2177,0,n2260,2092
2178,0,n2261,2089
2179,0,n2250,2093
2180,0,n2251,2090
2181,0,n2252,2088
2182,0,n2262,2095
2183,0,n2263,2097
2184,0,n2253,2094
2185,0,n2254,2096
2186,0,n2255,2098
2187,0,n2268,2099
2188,0,n2269,2100
2189,0,n2264,2101
2190,0,n2265,2103
2191,0,n2266,2102
2192,0,n2271,2105
2193,0,n2274,2111
2194,0,n2270,2104
2195,0,n2273,2107
2196,0,n2272,2106
2197,0,n2279,2109
2198,0,n2278,2108
2199,0,n2275,2112
2200,0,n2276,2116
2201,0,n2277,2119
2202,0,n2281,2113
2203,0,n2280,2110
2204,0,n2283,2115
2205,0,n2282,2114
2206,0,n2288,2117
2207,0,n2287,2118
2208,0,n2284,2120
2209,0,n2285,2125
2210,1,n2286,undefined
2211,0,n2290,2122
2212,0,n2289,2121
2213,0,n2292,2124
2214,0,n2291,2123
2215,0,n2299,2127
2216,0,n2298,2126
2217,0,n2295,2130
2218,0,n2293,2131
2219,0,n2294,2132
2220,0,n2301,2129
2221,0,n2300,2128
2222,0,n2303,2135
2223,0,n2302,2133
2224,0,n2296,2134
2225,0,n2297,2136
2226,0,n2309,2137
2227,0,n2307,2138
2228,0,n2304,2139
2229,0,n2310,2140
2230,0,n2311,2142
2231,0,n2308,2151
2232,1,n2312,undefined
2233,0,n2313,2143
2234,0,n2306,2144
2235,0,n2319,2148
2236,0,n2318,2145
2237,0,n2316,2146
2238,0,n2317,2147
2239,0,n2314,2150
2240,0,n2320,2149
2241,0,n2321,2152
2242,0,n2323,2154
2243,0,n2322,2153
2244,0,n2315,2155
2245,0,n2328,2156
2246,0,n2327,2158
2247,0,n2324,2159
2248,0,n2329,2157
2249,0,n2330,2163
2250,0,n2331,2161
2251,0,n2332,2162
2252,0,n2325,2160
2253,0,n2326,2164
2254,0,n2337,2166
2255,0,n2336,2165
2256,0,n2333,2170
2257,0,n2334,2169
2258,0,n2335,2172
2259,0,n2338,2167
2260,0,n2339,2168
2261,0,n2341,2173
2262,0,n2340,2171
2263,0,n2348,2174
2264,0,n2342,2175
2265,0,n2343,2177
2266,0,n2344,2176
2267,0,n2350,2179
2268,0,n2349,2178
2269,0,n2352,2182
2270,0,n2351,2181
2271,0,n2345,2183
2272,0,n2346,2185
2273,0,n2347,2180
2274,0,n2357,2186
2275,0,n2356,2184
2276,0,n2353,2191
2277,0,n2354,2192
2278,0,n2359,2188
2279,0,n2358,2187
2280,0,n2361,2190
2281,0,n2360,2189
2282,0,n2366,2193
2283,0,n2364,2196
2284,0,n2362,2197
2285,1,n2363,undefined
2286,0,n2368,2195
2287,0,n2367,2194
2288,0,n2370,2200
2289,0,n2369,2199
2290,0,n2365,2202
2291,0,n2379,2204
2292,0,n2378,2203
2293,0,n2373,2201
2294,0,n2371,2205
2295,0,n2372,2210
2296,0,n2381,2209
2297,0,n2380,2206
2298,0,n2375,2208
2299,0,n2374,2207
2300,0,n2383,2212
2301,0,n2382,2211
2302,0,n2376,2214
2303,0,n2377,2213
2304,0,n2387,2215
2305,0,n2385,2220
2306,0,n2384,2218
2307,0,n2389,2217
2308,0,n2388,2216
2309,0,n2391,2221
2310,0,n2390,2219
2311,0,n2386,2222
2312,0,n2395,2223
2313,0,n2394,2229
2314,0,n2392,2226
2315,0,n2396,2224
2316,0,n2397,2225
2317,1,n2399,undefined
2318,0,n2398,2228
2319,0,n2393,2227
2320,0,n2405,2231
2321,0,n2403,2232
2322,0,n2400,2233
2323,0,n2406,2234
2324,0,n2407,2235
2325,0,n2404,2243
2326,0,n2408,2238
2327,0,n2409,2239
2328,0,n2401,2236
2329,0,n2402,2237
2330,0,n2413,2240
2331,0,n2410,2241
2332,0,n2411,2247
2333,0,n2414,2242
2334,0,n2415,2244
2335,0,n2416,2245
2336,0,n2417,2246
2337,0,n2422,2250
2338,0,n2421,2248
2339,0,n2420,2255
2340,0,n2418,2249
2341,0,n2424,2252
2342,0,n2423,2251
2343,0,n2426,2254
2344,0,n2425,2253
2345,0,n2419,2256
2346,0,n2432,2257
2347,0,n2427,2268
2348,0,n2433,2261
2349,0,n2434,2260
2350,0,n2430,2259
2351,0,n2435,2258
2352,0,n2428,2266
2353,0,n2436,2265
2354,0,n2437,2264
2355,0,n2431,2263
2356,0,n2438,2262
2357,0,n2429,2267
2358,0,n2445,2269
2359,0,n2439,2278
2360,0,n2446,2273
2361,0,n2447,2274
2362,0,n2441,2272
2363,0,n2448,2271
2364,0,n2442,2270
2365,0,n2449,2279
2366,0,n2450,2277
2367,0,n2443,2276
2368,0,n2451,2275
2369,0,n2444,2281
2370,0,n2440,2280
2371,0,n2458,2282
2372,0,n2452,2283
2373,0,n2459,2287
2374,0,n2460,2286
2375,0,n2455,2284
2376,0,n2461,2285
2377,0,n2453,2292
2378,0,n2462,2289
2379,0,n2463,2288
2380,0,n2456,2290
2381,1,n2464,undefined
2382,0,n2457,2291
2383,0,n2454,2293
2384,0,n2470,2294
2385,0,n2465,2320
2386,0,n2471,2298
2387,0,n2472,2297
2388,0,n2466,2296
2389,0,n2473,2299
2390,0,n2467,2295
2391,0,n2474,2304
2392,0,n2475,2300
2393,0,n2468,2301
2394,0,n2476,2302
2395,0,n2469,2303
2396,0,n2484,2307
2397,0,n2485,2308
2398,0,n2478,2309
2399,0,n2486,2305
2400,0,n2479,2306
2401,0,n2487,2310
2402,0,n2488,2311
2403,0,n2489,2314
2404,0,n2480,2313
2405,0,n2481,2312
2406,0,n2490,2317
2407,0,n2491,2318
2408,0,n2492,2319
2409,0,n2482,2316
2410,0,n2483,2315
2411,0,n2500,2324
2412,0,n2501,2323
2413,0,n2502,2322
2414,0,n2493,2325
2415,0,n2494,2321
2416,0,n2503,2328
2417,0,n2504,2326
2418,0,n2496,2329
2419,0,n2497,2327
2420,0,n2505,2331
2421,0,n2506,2330
2422,0,n2498,2332
2423,0,n2499,2333
2424,0,n2513,2336
2425,0,n2514,2334
2426,0,n2507,2337
2427,0,n2508,2335
2428,0,n2515,2341
2429,0,n2516,2338
2430,0,n2509,2340
2431,0,n2510,2339
2432,0,n2517,2345
2433,0,n2518,2342
2434,0,n2511,2343
2435,0,n2512,2344
2436,0,n2525,2358
2437,0,n2519,2369
2438,0,n2526,2361
2439,0,n2527,2360
2440,0,n2523,2362
2441,0,n2528,2359
2442,0,n2520,2367
2443,0,n2529,2366
2444,0,n2530,2365
2445,0,n2524,2364
2446,0,n2531,2363
2447,0,n2521,2368
2448,0,n2539,2370
2449,0,n2532,2379
2450,0,n2540,2375
2451,0,n2541,2371
2452,0,n2535,2374
2453,0,n2542,2372
2454,0,n2536,2373
2455,0,n2543,2380
2456,0,n2544,2378
2457,0,n2537,2377
2458,0,n2545,2376
2459,0,n2538,2382
2460,0,n2533,2381
2461,0,n2553,2383
2462,0,n2546,2384
2463,0,n2554,2387
2464,0,n2555,2388
2465,0,n2550,2386
2466,0,n2556,2385
2467,0,n2547,2391
2468,0,n2557,2392
2469,0,n2558,2390
2470,0,n2551,2393
2471,0,n2559,2389
2472,0,n2552,2394
2473,0,n2548,2395
2474,0,n2567,2396
2475,0,n2560,2397
2476,0,n2568,2399
2477,0,n2569,2401
2478,0,n2563,2402
2479,0,n2570,2400
2480,0,n2564,2398
2481,0,n2561,2423
2482,0,n2571,2406
2483,0,n2572,2407
2484,0,n2565,2405
2485,0,n2573,2403
2486,0,n2566,2404
2487,0,n2581,2409
2488,0,n2582,2410
2489,0,n2575,2412
2490,0,n2583,2411
2491,0,n2576,2408
2492,0,n2584,2415
2493,0,n2585,2416
2494,0,n2586,2417
2495,0,n2577,2413
2496,0,n2578,2414
2497,0,n2587,2421
2498,0,n2588,2422
2499,0,n2589,2419
2500,0,n2579,2418
2501,0,n2580,2420
2502,0,n2597,2426
2503,0,n2598,2427
2504,0,n2599,2424
2505,0,n2595,2428
2506,0,n2596,2425
2507,0,n2600,2431
2508,0,n2601,2430
2509,0,n2591,2432
2510,0,n2592,2429
2511,0,n2602,2433
2512,0,n2603,2435
2513,0,n2593,2434
2514,0,n2594,2436
2515,0,n2610,2439
2516,0,n2611,2437
2517,0,n2604,2440
2518,0,n2605,2438
2519,0,n2612,2443
2520,0,n2613,2441
2521,0,n2606,2444
2522,0,n2607,2442
2523,0,n2614,2445
2524,0,n2615,2446
2525,0,n2608,2447
2526,0,n2609,2448
2527,0,n2623,2451
2528,0,n2624,2449
2529,0,n2616,2452
2530,0,n2617,2450
2531,0,n2625,2455
2532,0,n2626,2453
2533,0,n2618,2456
2534,0,n2619,2454
2535,0,n2627,2459
2536,0,n2628,2458
2537,0,n2620,2460
2538,0,n2621,2457
2539,0,n2622,2461
2540,0,n2638,2464
2541,0,n2629,2462
2542,0,n2630,2463
2543,0,n2631,2465
2544,0,n2634,2467
2545,0,n2635,2466
2546,0,n2632,2468
2547,1,n2640,undefined
2548,0,n2636,2471
2549,0,n2637,2469
2550,0,n2633,2470
2551,0,n2656,2472
2552,1,n2651,undefined
2553,0,n2659,2473
2554,0,n2663,2477
2555,1,n2661,undefined
2556,1,n2653,undefined
2557,1,n2652,undefined
2558,1,n2657,undefined
2559,0,n2660,2476
2560,1,n2658,undefined
2561,0,n2664,2478
2562,1,n2662,undefined
2563,0,n2645,2475
2564,0,n2646,2474
2565,0,n2641,2493
2566,0,n2665,2479
2567,0,n2669,2483
2568,0,n2671,2485
2569,1,n2667,undefined
2570,0,n2668,2482
2571,0,n2670,2484
2572,0,n2674,2486
2573,1,n2666,undefined
2574,1,n2672,undefined
2575,0,n2647,2480
2576,0,n2648,2481
2577,0,n2678,2490
2578,0,n2675,2488
2579,1,n2677,undefined
2580,0,n2679,2492
2581,1,n2673,undefined
2582,1,n2676,undefined
2583,0,n2649,2487
2584,0,n2650,2489
2585,0,n2642,2491
2586,0,n2690,2495
2587,0,n2684,2496
2588,0,n2685,2494
2589,0,n2681,2497
2590,0,n2691,2500
2591,0,n2686,2498
2592,0,n2687,2499
2593,0,n2682,2503
2594,0,n2692,2501
2595,0,n2688,2505
2596,0,n2689,2502
2597,0,n2683,2504
2598,0,n2708,2506
2599,1,n2703,undefined
2600,0,n2711,2508
2601,0,n2715,2511
2602,1,n2705,undefined
2603,1,n2704,undefined
2604,1,n2709,undefined
2605,1,n2713,undefined
2606,0,n2712,2510
2607,0,n2716,2512
2608,1,n2714,undefined
2609,1,n2710,undefined
2610,0,n2697,2509
2611,0,n2698,2507
2612,0,n2693,2527
2613,0,n2717,2513
2614,0,n2721,2517
2615,0,n2725,2519
2616,1,n2723,undefined
2617,1,n2729,undefined
2618,1,n2719,undefined
2619,0,n2720,2516
2620,1,n2718,undefined
2621,0,n2722,2518
2622,0,n2699,2515
2623,0,n2700,2514
2624,0,n2730,2524
2625,0,n2727,2523
2626,0,n2731,2526
2627,0,n2726,2521
2628,1,n2724,undefined
2629,1,n2728,undefined
2630,0,n2701,2522
2631,0,n2702,2520
2632,0,n2694,2525
2633,0,n2742,2530
2634,0,n2736,2529
2635,0,n2737,2528
2636,0,n2733,2531
2637,0,n2743,2532
2638,0,n2738,2534
2639,0,n2739,2533
2640,0,n2734,2535
2641,0,n2744,2541
2642,0,n2745,2539
2643,0,n2740,2538
2644,0,n2746,2540
2645,0,n2741,2536
2646,0,n2735,2537
2647,0,n2756,2543
2648,0,n2757,2544
2649,0,n2754,2542
2650,0,n2758,2547
2651,0,n2755,2546
2652,0,n2747,2545
2653,0,n2759,2548
2654,0,n2760,2552
2655,0,n2761,2550
2656,0,n2748,2549
2657,0,n2749,2553
2658,0,n2750,2551
2659,0,n2762,2556
2660,0,n2763,2558
2661,0,n2764,2559
2662,0,n2751,2555
2663,0,n2752,2554
2664,0,n2753,2557
2665,0,n2774,2560
2666,0,n2775,2563
2667,0,n2776,2564
2668,0,n2765,2562
2669,0,n2766,2561
2670,0,n2767,2565
2671,0,n2777,2566
2672,0,n2778,2569
2673,0,n2779,2567
2674,0,n2768,2568
2675,0,n2769,2570
2676,0,n2770,2571
2677,0,n2780,2572
2678,0,n2781,2573
2679,0,n2782,2574
2680,0,n2771,2575
2681,0,n2783,2579
2682,0,n2772,2577
2683,0,n2784,2580
2684,0,n2773,2576
2685,0,n2785,2581
2686,0,n2791,2578
2687,0,n2792,2582
2688,0,n2793,2583
2689,0,n2794,2588
2690,0,n2795,2586
2691,0,n2796,2584
2692,0,n2786,2587
2693,0,n2787,2585
2694,0,n2788,2589
2695,0,n2797,2593
2696,0,n2798,2592
2697,0,n2789,2590
2698,0,n2790,2591
2699,0,n2805,2596
2700,0,n2806,2595
2701,0,n2799,2594
2702,0,n2800,2597
2703,0,n2807,2601
2704,0,n2808,2599
2705,0,n2801,2600
2706,0,n2802,2598
2707,0,n2809,2605
2708,0,n2810,2604
2709,0,n2803,2603
2710,0,n2804,2602
2711,0,n2817,2609
2712,0,n2818,2606
2713,0,n2811,2607
2714,0,n2812,2608
2715,0,n2819,2613
2716,0,n2820,2610
2717,0,n2813,2611
2718,0,n2814,2612
2719,0,n2821,2617
2720,0,n2822,2614
2721,0,n2815,2616
2722,0,n2816,2615
2723,0,n2829,2620
2724,0,n2830,2619
2725,1,n2823,undefined
2726,0,n2824,2618
2727,0,n2831,2624
2728,0,n2832,2622
2729,0,n2825,2623
2730,0,n2826,2621
2731,0,n2833,2628
2732,0,n2834,2627
2733,0,n2827,2626
2734,0,n2828,2625
2735,0,n2841,2630
2736,0,n2842,2629
2737,1,n2835,undefined
2738,0,n2836,2631
2739,0,n2843,2635
2740,0,n2844,2634
2741,0,n2837,2633
2742,0,n2838,2632
2743,0,n2845,2638
2744,0,n2839,2637
2745,0,n2840,2636
2746,0,n2856,2642
2747,0,n2857,2641
2748,0,n2846,2639
2749,0,n2848,2643
2750,0,n2847,2640
2751,0,n2849,2644
2752,0,n2858,2647
2753,0,n2860,2652
2754,0,n2859,2648
2755,0,n2861,2649
2756,0,n2850,2646
2757,0,n2852,2651
2758,0,n2851,2645
2759,0,n2853,2650
2760,0,n2862,2656
2761,0,n2863,2653
2762,0,n2854,2655
2763,0,n2855,2654
2764,0,n2880,2662
2765,0,n2881,2659
2766,0,n2864,2657
2767,0,n2865,2658
2768,0,n2866,2660
2769,0,n2867,2661
2770,0,n2882,2663
2771,0,n2883,2664
2772,0,n2884,2667
2773,0,n2885,2669
2774,0,n2872,2671
2775,0,n2868,2666
2776,0,n2869,2668
2777,0,n2873,2670
2778,1,n2870,undefined
2779,0,n2871,2665
2780,0,n2886,2672
2781,0,n2887,2678
2782,0,n2888,2677
2783,0,n2889,2676
2784,0,n2874,2673
2785,0,n2878,2679
2786,1,n2875,undefined
2787,0,n2876,2674
2788,0,n2877,2675
2789,0,n2879,2680
2790,0,n2900,2684
2791,0,n2901,2683
2792,0,n2890,2682
2793,0,n2892,2686
2794,0,n2891,2681
2795,0,n2893,2685
2796,1,n2902,undefined
2797,0,n2904,2691
2798,0,n2903,2689
2799,0,n2905,2690
2800,0,n2894,2688
2801,0,n2896,2693
2802,1,n2898,undefined
2803,0,n2895,2687
2804,0,n2897,2692
2805,0,n2906,2697
2806,0,n2907,2694
2807,0,n2899,2698
2808,0,n2924,2703
2809,0,n2925,2701
2810,0,n2908,2699
2811,0,n2909,2704
2812,0,n2910,2700
2813,0,n2911,2702
2814,0,n2926,2705
2815,0,n2927,2706
2816,0,n2928,2709
2817,0,n2929,2710
2818,0,n2916,2711
2819,0,n2912,2708
2820,1,n2913,undefined
2821,0,n2917,2712
2822,1,n2914,undefined
2823,0,n2915,2707
2824,0,n2930,2713
2825,0,n2931,2717
2826,0,n2932,2719
2827,0,n2933,2718
2828,0,n2918,2714
2829,0,n2922,2721
2830,1,n2919,undefined
2831,0,n2920,2716
2832,0,n2921,2715
2833,0,n2923,2720
2834,0,n2944,2725
2835,0,n2945,2724
2836,0,n2934,2722
2837,0,n2936,2727
2838,0,n2935,2723
2839,0,n2937,2726
2840,0,n2946,2731
2841,0,n2948,2735
2842,0,n2947,2730
2843,0,n2949,2732
2844,0,n2938,2729
2845,0,n2940,2734
2846,0,n2939,2728
2847,0,n2941,2733
2848,0,n2950,2739
2849,0,n2951,2736
2850,0,n2942,2738
2851,0,n2943,2737
2852,0,n2977,2745
2853,0,n2978,2744
2854,0,n2952,2743
2855,0,n2957,2749
2856,0,n2953,2740
2857,0,n2958,2746
2858,1,n2954,undefined
2859,1,n2959,undefined
2860,0,n2955,2741
2861,0,n2960,2747
2862,0,n2956,2742
2863,0,n2961,2748
2864,0,n2979,2753
2865,0,n2981,2759
2866,0,n2980,2752
2867,0,n2982,2757
2868,0,n2962,2754
2869,0,n2967,2756
2870,1,n2963,undefined
2871,1,n2968,undefined
2872,1,n2964,undefined
2873,1,n2969,undefined
2874,0,n2965,2751
2875,0,n2970,2758
2876,0,n2966,2750
2877,0,n2971,2755
2878,0,n2983,2763
2879,0,n2984,2761
2880,0,n2972,2760
2881,1,n2973,undefined
2882,0,n2974,2764
2883,0,n2975,2762
2884,0,n2976,2765
2885,0,n3002,2770
2886,0,n3003,2769
2887,0,n2985,2768
2888,0,n2989,2771
2889,0,n2990,2774
2890,0,n2993,2778
2891,0,n2996,2781
2892,0,n2999,2786
2893,1,n2986,undefined
2894,0,n2991,2773
2895,0,n2994,2776
2896,1,n2987,undefined
2897,0,n2988,2767
2898,0,n2992,2772
2899,0,n3004,2779
2900,0,n3006,2784
2901,0,n3005,2777
2902,0,n3007,2780
2903,0,n2997,2783
2904,0,n2995,2775
2905,0,n2998,2782
2906,1,n3001,undefined
2907,0,n3008,2788
2908,0,n3009,2785
2909,0,n3000,2787
2910,0,n3020,2790
2911,0,n3010,2791
2912,0,n3021,2789
2913,0,n3011,2792
2914,1,n3014,undefined
2915,0,n3012,2793
2916,0,n3022,2797
2917,0,n3023,2796
2918,0,n3013,2795
2919,0,n3015,2794
2920,0,n3024,2802
2921,0,n3025,2799
2922,1,n3016,undefined
2923,0,n3017,2798
2924,1,n3018,undefined
2925,1,n3019,undefined
2926,0,n3036,2805
2927,0,n3037,2806
2928,0,n3026,2803
2929,1,n3027,undefined
2930,0,n3028,2804
2931,0,n3029,2807
2932,0,n3038,2811
2933,0,n3039,2810
2934,0,n3030,2808
2935,0,n3032,2812
2936,0,n3031,2809
2937,0,n3040,2816
2938,0,n3041,2813
2939,0,n3033,2815
2940,0,n3035,2817
2941,0,n3034,2814
2942,0,n3051,2821
2943,0,n3052,2820
2944,0,n3042,2818
2945,0,n3044,2822
2946,0,n3043,2819
2947,0,n3053,2824
2948,0,n3054,2826
2949,0,n3045,2823
2950,0,n3047,2827
2951,0,n3046,2825
2952,1,n3058,undefined
2953,0,n3055,2829
2954,0,n3056,2830
2955,0,n3048,2828
2956,0,n3050,2832
2957,0,n3049,2831
2958,0,n3066,2834
2959,0,n3067,2833
2960,0,n3059,2835
2961,0,n3068,2839
2962,0,n3069,2836
2963,0,n3060,2838
2964,0,n3065,2840
2965,0,n3075,2849
2966,1,n3061,undefined
2967,0,n3062,2837
2968,0,n3070,2843
2969,0,n3071,2844
2970,0,n3072,2842
2971,0,n3063,2841
2972,1,n3064,undefined
2973,0,n3082,2852
2974,0,n3083,2847
2975,0,n3084,2845
2976,0,n3073,2846
2977,1,n3074,undefined
2978,0,n3085,2848
2979,0,n3087,2853
2980,0,n3076,2851
2981,0,n3078,2850
2982,0,n3088,2858
2983,0,n3101,2861
2984,1,n3089,undefined
2985,0,n3090,2856
2986,0,n3079,2857
2987,0,n3080,2855
2988,1,n3092,undefined
2989,0,n3081,2854
2990,0,n3100,2864
2991,0,n3102,2859
2992,0,n3091,2860
2993,0,n3093,2863
2994,0,n3103,2862
2995,0,n3105,2866
2996,0,n3094,2867
2997,0,n3096,2865
2998,0,n3106,2873
2999,0,n3107,2872
3000,0,n3108,2870
3001,0,n3097,2868
3002,0,n3098,2871
3003,1,n3110,undefined
3004,0,n3099,2869
3005,0,n3117,2879
3006,0,n3118,2876
3007,0,n3119,2874
3008,0,n3109,2875
3009,0,n3111,2878
3010,0,n3120,2877
3011,0,n3122,2882
3012,0,n3112,2881
3013,0,n3114,2880
3014,0,n3115,2884
3015,0,n3116,2883
3016,0,n3124,2885
3017,0,n3125,2886
3018,0,n3127,2908
3019,0,n3128,2906
3020,0,n3132,2888
3021,0,n3133,2887
3022,0,n3134,2890
3023,0,n3135,2889
3024,0,n3136,2892
3025,0,n3137,2891
3026,0,n3140,2894
3027,0,n3141,2893
3028,0,n3142,2896
3029,0,n3143,2895
3030,0,n3144,2898
3031,0,n3145,2897
3032,0,n3148,2900
3033,0,n3149,2899
3034,0,n3150,2902
3035,0,n3151,2901
3036,0,n3152,2903
3037,0,n3153,2904
3038,0,n3155,2907
3039,0,n3156,2905
3040,0,n3157,2910
3041,0,n3158,2909
3042,0,n3159,2911
3043,0,n3160,2912
3044,0,n3171,2916
3045,0,n3172,2915
3046,0,n3161,2914
3047,0,n3163,2918
3048,0,n3162,2913
3049,0,n3164,2917
3050,0,n3173,2921
3051,0,n3175,2925
3052,0,n3174,2922
3053,0,n3176,2924
3054,0,n3165,2919
3055,0,n3167,2923
3056,0,n3166,2920
3057,0,n3168,2926
3058,0,n3177,2930
3059,0,n3178,2927
3060,0,n3169,2928
3061,0,n3170,2929
3062,0,n3195,2935
3063,0,n3196,2934
3064,0,n3179,2932
3065,0,n3180,2931
3066,0,n3181,2933
3067,0,n3182,2936
3068,0,n3197,2937
3069,0,n3198,2939
3070,0,n3199,2941
3071,0,n3200,2943
3072,0,n3187,2944
3073,0,n3183,2942
3074,0,n3184,2938
3075,0,n3188,2945
3076,1,n3185,undefined
3077,0,n3186,2940
3078,0,n3201,2946
3079,0,n3202,2952
3080,0,n3203,2951
3081,0,n3204,2950
3082,0,n3189,2947
3083,0,n3193,2954
3084,1,n3190,undefined
3085,0,n3191,2949
3086,0,n3192,2948
3087,0,n3194,2953
3088,0,n3215,2958
3089,0,n3216,2957
3090,0,n3205,2956
3091,0,n3207,2959
3092,0,n3206,2955
3093,0,n3208,2960
3094,0,n3217,2964
3095,0,n3219,2968
3096,0,n3218,2963
3097,0,n3220,2965
3098,0,n3209,2961
3099,0,n3211,2967
3100,0,n3210,2962
3101,0,n3212,2966
3102,0,n3221,2969
3103,0,n3222,2970
3104,0,n3213,2971
3105,0,n3214,2972
3106,0,n3239,2977
3107,0,n3240,2975
3108,0,n3223,2973
3109,0,n3224,2976
3110,0,n3225,2974
3111,0,n3226,2978
3112,0,n3241,2980
3113,1,n3242,undefined
3114,0,n3243,2979
3115,0,n3244,2986
3116,0,n3231,2984
3117,0,n3227,2981
3118,1,n3228,undefined
3119,0,n3232,2985
3120,1,n3229,undefined
3121,0,n3230,2982
3122,0,n3245,2987
3123,0,n3246,2993
3124,0,n3247,2991
3125,0,n3248,2992
3126,0,n3233,2988
3127,0,n3237,2995
3128,1,n3234,undefined
3129,0,n3235,2990
3130,0,n3236,2989
3131,0,n3238,2994
3132,0,n3259,2999
3133,0,n3260,2998
3134,0,n3249,2997
3135,0,n3251,3001
3136,0,n3250,2996
3137,0,n3252,3000
3138,0,n3261,3005
3139,0,n3263,3009
3140,0,n3262,3004
3141,0,n3264,3008
3142,0,n3253,3003
3143,0,n3255,3007
3144,0,n3254,3002
3145,0,n3256,3006
3146,0,n3265,3012
3147,0,n3266,3011
3148,0,n3257,3010
3149,0,n3258,3013
3150,0,n3287,3019
3151,0,n3288,3018
3152,0,n3267,3014
3153,0,n3271,3020
3154,0,n3268,3016
3155,0,n3272,3022
3156,0,n3269,3015
3157,0,n3273,3021
3158,0,n3270,3017
3159,0,n3274,3023
3160,0,n3289,3028
3161,0,n3291,3035
3162,0,n3290,3026
3163,0,n3292,3031
3164,0,n3275,3024
3165,0,n3279,3030
3166,0,n3276,3029
3167,0,n3280,3034
3168,0,n3277,3025
3169,0,n3281,3032
3170,0,n3278,3027
3171,0,n3282,3033
3172,0,n3293,3041
3173,0,n3294,3038
3174,0,n3283,3036
3175,0,n3284,3039
3176,0,n3285,3040
3177,0,n3286,3037
3178,0,n3315,3048
3179,0,n3316,3046
3180,0,n3295,3044
3181,0,n3299,3047
3182,1,n3296,undefined
3183,1,n3300,undefined
3184,0,n3297,3043
3185,0,n3301,3049
3186,0,n3298,3045
3187,0,n3302,3050
3188,0,n3317,3054
3189,0,n3319,3060
3190,0,n3318,3051
3191,0,n3320,3056
3192,0,n3303,3053
3193,0,n3307,3058
3194,1,n3304,undefined
3195,1,n3308,undefined
3196,0,n3305,3052
3197,0,n3309,3059
3198,0,n3306,3055
3199,0,n3310,3057
3200,0,n3321,3062
3201,0,n3322,3065
3202,0,n3311,3061
3203,1,n3312,undefined
3204,0,n3313,3063
3205,0,n3314,3064
3206,0,n3332,3068
3207,0,n3333,3071
3208,0,n3334,3067
3209,0,n3323,3069
3210,0,n3324,3070
3211,0,n3325,3072
3212,0,n3326,3066
3213,0,n3335,3076
3214,0,n3336,3073
3215,1,n3337,undefined
3216,0,n3327,3077
3217,0,n3328,3075
3218,0,n3329,3074
3219,0,n3338,3080
3220,0,n3339,3078
3221,0,n3331,3079
3222,0,n3330,3081
3223,0,n3349,3084
3224,0,n3350,3082
3225,1,n3348,undefined
3226,0,n3340,3083
3227,0,n3341,3085
3228,0,n3351,3089
3229,0,n3352,3088
3230,0,n3342,3086
3231,0,n3344,3090
3232,0,n3343,3087
3233,0,n3353,3092
3234,0,n3354,3093
3235,0,n3345,3091
3236,0,n3347,3095
3237,0,n3346,3094
3238,0,n3364,3098
3239,0,n3365,3099
3240,0,n3355,3096
3241,0,n3357,3100
3242,0,n3356,3097
3243,0,n3366,3104
3244,0,n3367,3103
3245,0,n3358,3101
3246,0,n3360,3105
3247,0,n3359,3102
3248,0,n3368,3108
3249,0,n3369,3107
3250,0,n3361,3106
3251,0,n3363,3111
3252,0,n3362,3109
3253,0,n3379,3113
3254,0,n3380,3112
3255,0,n3371,3110
3256,1,n3374,undefined
3257,0,n3372,3114
3258,0,n3381,3117
3259,0,n3382,3115
3260,0,n3373,3118
3261,0,n3375,3116
3262,0,n3383,3122
3263,0,n3384,3123
3264,0,n3385,3121
3265,0,n3376,3120
3266,1,n3377,undefined
3267,0,n3378,3119
3268,0,n3395,3129
3269,0,n3396,3126
3270,0,n3397,3124
3271,0,n3386,3125
3272,1,n3387,undefined
3273,0,n3388,3128
3274,0,n3398,3127
3275,0,n3400,3132
3276,0,n3389,3131
3277,0,n3391,3130
3278,0,n3401,3137
3279,0,n3402,3138
3280,0,n3403,3134
3281,0,n3392,3136
3282,0,n3393,3135
3283,1,n3405,undefined
3284,0,n3394,3133
3285,0,n3413,3144
3286,0,n3414,3141
3287,0,n3415,3140
3288,0,n3404,3139
3289,0,n3406,3143
3290,0,n3416,3142
3291,0,n3418,3147
3292,0,n3407,3146
3293,0,n3409,3145
3294,0,n3419,3152
3295,0,n3420,3151
3296,0,n3421,3148
3297,0,n3410,3149
3298,1,n3411,undefined
3299,0,n3412,3150
3300,0,n3430,3158
3301,0,n3431,3155
3302,0,n3432,3154
3303,0,n3422,3153
3304,1,n3423,undefined
3305,0,n3424,3157
3306,0,n3433,3156
3307,0,n3435,3161
3308,0,n3425,3160
3309,0,n3427,3159
3310,0,n3436,3163
3311,0,n3437,3162
3312,0,n3428,3164
3313,0,n3429,3165
3314,0,n3452,3173
3315,0,n3450,3169
3316,0,n3453,3170
3317,0,n3451,3167
3318,0,n3442,3171
3319,0,n3440,3166
3320,0,n3443,3172
3321,0,n3441,3168
3322,0,n3454,3177
3323,0,n3456,3181
3324,0,n3455,3174
3325,0,n3457,3179
3326,0,n3444,3175
3327,0,n3446,3178
3328,0,n3445,3176
3329,0,n3447,3180
3330,0,n3460,3185
3331,0,n3461,3184
3332,0,n3458,3182
3333,0,n3459,3183
3334,0,n3472,3189
3335,0,n3473,3188
3336,0,n3462,3187
3337,0,n3463,3186
3338,0,n3474,3191
3339,0,n3475,3195
3340,0,n3464,3192
3341,0,n3466,3193
3342,0,n3465,3190
3343,0,n3467,3194
3344,0,n3476,3198
3345,0,n3477,3200
3346,0,n3468,3196
3347,0,n3470,3201
3348,0,n3469,3197
3349,0,n3471,3199
3350,0,n3490,3203
3351,0,n3491,3206
3352,0,n3478,3202
3353,0,n3480,3205
3354,0,n3479,3204
3355,0,n3481,3207
3356,0,n3492,3208
3357,0,n3493,3213
3358,0,n3482,3210
3359,0,n3484,3211
3360,0,n3483,3209
3361,0,n3485,3212
3362,0,n3494,3215
3363,0,n3495,3217
3364,0,n3486,3216
3365,1,n3488,undefined
3366,0,n3487,3214
3367,0,n3489,3218
3368,0,n3508,3220
3369,0,n3509,3222
3370,0,n3496,3219
3371,0,n3498,3223
3372,0,n3497,3221
3373,0,n3499,3224
3374,0,n3510,3227
3375,0,n3511,3228
3376,0,n3500,3225
3377,0,n3502,3230
3378,0,n3501,3226
3379,0,n3503,3229
3380,0,n3512,3231
3381,0,n3513,3234
3382,0,n3504,3232
3383,0,n3506,3236
3384,0,n3505,3233
3385,0,n3507,3235
3386,0,n3521,3238
3387,0,n3514,3237
3388,0,n3515,3239
3389,0,n3522,3242
3390,0,n3516,3240
3391,0,n3517,3241
3392,0,n3523,3246
3393,0,n3524,3248
3394,0,n3525,3245
3395,0,n3526,3244
3396,0,n3518,3243
3397,1,n3519,undefined
3398,0,n3520,3247
3399,0,n3537,3251
3400,0,n3538,3250
3401,0,n3527,3252
3402,0,n3528,3249
3403,0,n3539,3254
3404,0,n3540,3256
3405,0,n3529,3255
3406,0,n3531,3258
3407,0,n3530,3253
3408,0,n3532,3257
3409,0,n3541,3259
3410,0,n3542,3262
3411,0,n3533,3260
3412,0,n3535,3263
3413,0,n3534,3261
3414,0,n3536,3264
3415,0,n3555,3265
3416,0,n3556,3268
3417,0,n3543,3266
3418,0,n3545,3270
3419,0,n3544,3267
3420,0,n3546,3269
3421,0,n3557,3273
3422,0,n3558,3276
3423,0,n3547,3271
3424,0,n3549,3275
3425,0,n3548,3272
3426,0,n3550,3274
3427,0,n3559,3277
3428,0,n3560,3281
3429,0,n3551,3279
3430,0,n3553,3280
3431,0,n3552,3278
3432,0,n3554,3282
3433,0,n3573,3284
3434,0,n3574,3288
3435,0,n3561,3283
3436,0,n3563,3286
3437,0,n3562,3285
3438,0,n3564,3287
3439,0,n3575,3289
3440,0,n3576,3293
3441,0,n3565,3291
3442,0,n3567,3292
3443,0,n3566,3290
3444,0,n3568,3294
3445,0,n3577,3295
3446,0,n3578,3298
3447,1,n3569,undefined
3448,0,n3571,3299
3449,0,n3570,3296
3450,0,n3572,3300
3451,0,n3586,3302
3452,0,n3579,3301
3453,0,n3580,3303
3454,0,n3587,3305
3455,0,n3581,3304
3456,0,n3582,3306
3457,0,n3588,3313
3458,0,n3589,3312
3459,0,n3590,3309
3460,0,n3591,3307
3461,0,n3583,3308
3462,0,n3584,3310
3463,0,n3585,3311
3464,0,n3602,3315
3465,0,n3603,3314
3466,0,n3592,3316
3467,0,n3593,3317
3468,0,n3604,3318
3469,0,n3606,3323
3470,0,n3605,3319
3471,0,n3607,3322
3472,0,n3594,3321
3473,1,n3596,undefined
3474,0,n3595,3320
3475,0,n3597,3324
3476,0,n3608,3326
3477,0,n3610,3329
3478,0,n3609,3327
3479,0,n3611,3331
3480,0,n3598,3325
3481,0,n3600,3332
3482,0,n3599,3328
3483,0,n3601,3330
3484,0,n3624,3335
3485,0,n3626,3337
3486,0,n3625,3336
3487,0,n3627,3338
3488,0,n3612,3333
3489,0,n3614,3340
3490,0,n3613,3334
3491,0,n3615,3339
3492,0,n3628,3341
3493,0,n3630,3345
3494,0,n3629,3344
3495,0,n3631,3347
3496,0,n3616,3343
3497,0,n3618,3348
3498,0,n3617,3342
3499,0,n3619,3346
3500,0,n3632,3350
3501,0,n3648,3356
3502,1,n3634,undefined
3503,0,n3633,3351
3504,0,n3635,3355
3505,1,n3649,undefined
3506,0,n3620,3352
3507,0,n3622,3353
3508,0,n3621,3349
3509,0,n3623,3354
3510,0,n3650,3361
3511,0,n3651,3360
3512,0,n3638,3362
3513,0,n3636,3357
3514,0,n3639,3359
3515,0,n3637,3358
3516,0,n3652,3366
3517,1,n3654,undefined
3518,0,n3653,3365
3519,0,n3655,3369
3520,0,n3640,3364
3521,0,n3642,3368
3522,0,n3641,3363
3523,0,n3643,3367
3524,0,n3656,3371
3525,0,n3658,3375
3526,0,n3657,3372
3527,0,n3659,3374
3528,0,n3644,3370
3529,0,n3646,3377
3530,0,n3645,3373
3531,0,n3647,3376
3532,0,n3672,3380
3533,0,n3674,3382
3534,0,n3673,3379
3535,1,n3675,undefined
3536,0,n3660,3378
3537,0,n3662,3384
3538,0,n3661,3381
3539,0,n3663,3383
3540,0,n3676,3386
3541,0,n3678,3392
3542,0,n3677,3385
3543,0,n3679,3390
3544,0,n3664,3388
3545,0,n3666,3391
3546,0,n3665,3387
3547,0,n3667,3389
3548,0,n3680,3395
3549,0,n3682,3399
3550,0,n3681,3393
3551,0,n3683,3397
3552,0,n3668,3394
3553,0,n3670,3400
3554,0,n3669,3396
3555,0,n3671,3398
3556,0,n3698,3408
3557,0,n3696,3403
3558,0,n3699,3407
3559,0,n3697,3402
3560,0,n3686,3406
3561,0,n3684,3401
3562,0,n3687,3405
3563,0,n3685,3404
3564,0,n3700,3410
3565,0,n3702,3414
3566,0,n3701,3411
3567,0,n3703,3413
3568,1,n3688,undefined
3569,0,n3694,3420
3570,0,n3708,3425
3571,0,n3713,3432
3572,1,n3690,undefined
3573,0,n3689,3409
3574,0,n3691,3412
3575,0,n3704,3419
3576,0,n3706,3423
3577,0,n3705,3418
3578,0,n3707,3422
3579,0,n3692,3415
3580,0,n3693,3416
3581,0,n3695,3421
3582,0,n3723,3429
3583,0,n3724,3426
3584,0,n3725,3424
3585,0,n3709,3428
3586,0,n3710,3427
3587,0,n3726,3434
3588,0,n3727,3433
3589,0,n3716,3436
3590,1,n3711,undefined
3591,1,n3714,undefined
3592,0,n3717,3435
3593,0,n3715,3431
3594,0,n3712,3430
3595,0,n3728,3443
3596,0,n3729,3442
3597,0,n3730,3439
3598,0,n3718,3437
3599,0,n3721,3441
3600,0,n3719,3447
3601,0,n3732,3451
3602,0,n3720,3438
3603,0,n3722,3440
3604,0,n3739,3450
3605,0,n3740,3446
3606,0,n3741,3448
3607,0,n3742,3445
3608,0,n3731,3444
3609,0,n3733,3449
3610,0,n3743,3455
3611,0,n3744,3454
3612,0,n3734,3452
3613,0,n3735,3453
3614,0,n3745,3461
3615,0,n3746,3460
3616,0,n3747,3458
3617,0,n3748,3456
3618,0,n3736,3457
3619,0,n3737,3462
3620,0,n3738,3459
3621,0,n3764,3466
3622,0,n3765,3465
3623,0,n3766,3463
3624,0,n3749,3464
3625,0,n3750,3468
3626,0,n3751,3467
3627,0,n3767,3473
3628,0,n3768,3472
3629,0,n3757,3474
3630,0,n3754,3471
3631,1,n3752,undefined
3632,1,n3755,undefined
3633,0,n3758,3475
3634,0,n3756,3470
3635,0,n3753,3469
3636,0,n3769,3480
3637,0,n3770,3479
3638,0,n3771,3478
3639,0,n3759,3477
3640,0,n3762,3481
3641,0,n3773,3487
3642,1,n3760,undefined
3643,0,n3761,3476
3644,0,n3763,3482
3645,0,n3780,3488
3646,0,n3781,3485
3647,0,n3782,3486
3648,0,n3783,3483
3649,0,n3772,3484
3650,0,n3774,3489
3651,0,n3784,3493
3652,0,n3785,3492
3653,0,n3775,3491
3654,0,n3776,3490
3655,0,n3786,3498
3656,0,n3787,3497
3657,1,n3788,undefined
3658,0,n3789,3494
3659,0,n3777,3495
3660,0,n3778,3499
3661,0,n3779,3496
3662,0,n3805,3504
3663,0,n3806,3503
3664,0,n3807,3502
3665,0,n3790,3500
3666,0,n3791,3505
3667,1,n3796,undefined
3668,0,n3792,3501
3669,1,n3808,undefined
3670,0,n3809,3508
3671,0,n3798,3512
3672,0,n3795,3509
3673,0,n3793,3507
3674,0,n3799,3511
3675,0,n3797,3510
3676,0,n3794,3506
3677,0,n3810,3520
3678,0,n3811,3521
3679,0,n3812,3519
3680,0,n3800,3513
3681,0,n3803,3517
3682,0,n3801,3515
3683,0,n3802,3516
3684,0,n3804,3518
3685,0,n3823,3523
3686,0,n3824,3526
3687,0,n3813,3522
3688,0,n3816,3527
3689,0,n3814,3524
3690,0,n3815,3525
3691,0,n3825,3529
3692,0,n3826,3531
3693,0,n3817,3528
3694,0,n3818,3530
3695,0,n3819,3532
3696,0,n3827,3535
3697,0,n3828,3534
3698,0,n3820,3536
3699,0,n3821,3533
3700,0,n3822,3537
3701,0,n3837,3540
3702,0,n3838,3538
3703,0,n3829,3539
3704,0,n3830,3541
3705,0,n3839,3544
3706,0,n3840,3542
3707,0,n3831,3546
3708,0,n3832,3543
3709,0,n3833,3545
3710,0,n3841,3549
3711,0,n3842,3547
3712,0,n3834,3550
3713,0,n3835,3548
3714,0,n3836,3552
3715,0,n3853,3556
3716,0,n3854,3555
3717,0,n3843,3557
3718,0,n3844,3554
3719,0,n3845,3553
3720,0,n3855,3561
3721,0,n3856,3562
3722,0,n3846,3558
3723,0,n3847,3559
3724,0,n3848,3560
3725,0,n3857,3568
3726,0,n3858,3567
3727,0,n3849,3563
3728,0,n3850,3566
3729,0,n3851,3564
3730,0,n3852,3565
3731,0,n3869,3574
3732,0,n3870,3572
3733,0,n3859,3569
3734,0,n3860,3573
3735,0,n3861,3571
3736,0,n3862,3570
3737,0,n3871,3577
3738,0,n3872,3578
3739,0,n3863,3575
3740,0,n3864,3576
3741,0,n3873,3584
3742,0,n3874,3583
3743,0,n3865,3582
3744,0,n3866,3580
3745,0,n3867,3581
3746,0,n3868,3579
3747,0,n3883,3589
3748,0,n3884,3588
3749,0,n3875,3587
3750,0,n3876,3586
3751,0,n3877,3585
3752,0,n3885,3592
3753,0,n3886,3593
3754,0,n3878,3591
3755,0,n3879,3590
3756,0,n3887,3597
3757,0,n3880,3596
3758,0,n3881,3594
3759,0,n3882,3595
3760,0,n3895,3601
3761,0,n3888,3600
3762,0,n3889,3599
3763,0,n3890,3598
3764,0,n3891,3602
3765,0,n3897,3607
3766,0,n3898,3605
3767,0,n3892,3606
3768,0,n3893,3603
3769,0,n3894,3604
3770,0,n3901,3609
3771,0,n3902,3608
3772,0,n3899,3611
3773,0,n3900,3614
3774,0,n3903,3612
3775,0,n3904,3610
3776,0,n3905,3615
3777,0,n3906,3613
3778,0,n3913,3617
3779,0,n3914,3616
3780,0,n3915,3621
3781,0,n3916,3619
3782,0,n3909,3618
3783,0,n3910,3620
3784,0,n3917,3625
3785,0,n3918,3624
3786,0,n3911,3623
3787,0,n3912,3622
3788,0,n3921,3627
3789,0,n3922,3626
3790,0,n3919,3629
3791,0,n3920,3633
3792,0,n3923,3630
3793,0,n3924,3628
3794,0,n3925,3631
3795,0,n3926,3632
3796,0,n3933,3635
3797,0,n3934,3634
3798,0,n3935,3639
3799,0,n3936,3637
3800,0,n3929,3638
3801,0,n3930,3636
3802,0,n3937,3642
3803,0,n3938,3643
3804,0,n3931,3641
3805,0,n3932,3640
3806,0,n3949,3647
3807,0,n3950,3646
3808,0,n3939,3644
3809,0,n3941,3648
3810,0,n3940,3645
3811,0,n3942,3649
3812,0,n3951,3650
3813,0,n3953,3656
3814,0,n3952,3653
3815,0,n3954,3654
3816,0,n3943,3652
3817,0,n3945,3655
3818,0,n3944,3651
3819,0,n3946,3657
3820,0,n3955,3660
3821,0,n3956,3658
3822,0,n3947,3659
3823,0,n3948,3661
3824,0,n3973,3666
3825,0,n3974,3664
3826,0,n3957,3662
3827,0,n3958,3663
3828,0,n3959,3665
3829,0,n3960,3667
3830,0,n3975,3669
3831,0,n3976,3671
3832,0,n3977,3673
3833,0,n3978,3674
3834,0,n3965,3676
3835,0,n3961,3668
3836,0,n3962,3670
3837,0,n3966,3675
3838,1,n3963,undefined
3839,0,n3964,3672
3840,0,n3979,3677
3841,0,n3980,3684
3842,0,n3981,3682
3843,0,n3982,3681
3844,0,n3967,3678
3845,0,n3971,3685
3846,1,n3968,undefined
3847,0,n3969,3679
3848,0,n3970,3680
3849,0,n3972,3683
3850,0,n3993,3689
3851,0,n3994,3688
3852,0,n3983,3687
3853,0,n3985,3691
3854,0,n3984,3686
3855,0,n3986,3690
3856,0,n3995,3695
3857,0,n3997,3699
3858,0,n3996,3694
3859,0,n3998,3697
3860,0,n3987,3692
3861,0,n3989,3696
3862,0,n3988,3693
3863,0,n3990,3698
3864,0,n3999,3702
3865,0,n4000,3700
3866,0,n3991,3701
3867,0,n3992,3703
3868,0,n4017,3709
3869,0,n4018,3707
3870,0,n4001,3704
3871,0,n4002,3706
3872,0,n4003,3705
3873,0,n4004,3708
3874,1,n4019,undefined
3875,0,n4020,3710
3876,0,n4021,3713
3877,0,n4022,3714
3878,0,n4009,3715
3879,0,n4005,3711
3880,1,n4006,undefined
3881,0,n4010,3716
3882,1,n4007,undefined
3883,0,n4008,3712
3884,0,n4023,3717
3885,0,n4024,3722
3886,0,n4025,3721
3887,0,n4026,3723
3888,0,n4011,3718
3889,0,n4015,3725
3890,1,n4012,undefined
3891,0,n4013,3719
3892,0,n4014,3720
3893,0,n4016,3724
3894,2,undefined,3726
3895,0,n4037,3730
3896,0,n4038,3729
3897,0,n4027,3727
3898,0,n4029,3731
3899,0,n4028,3728
3900,0,n4030,3732
3901,0,n4039,3735
3902,0,n4041,3740
3903,0,n4040,3736
3904,0,n4042,3737
3905,0,n4031,3734
3906,0,n4033,3739
3907,0,n4032,3733
3908,0,n4034,3738
3909,0,n4043,3744
3910,0,n4044,3743
3911,0,n4035,3741
3912,0,n4036,3742
3913,0,n4065,3750
3914,0,n4066,3749
3915,0,n4045,3745
3916,0,n4049,3751
3917,0,n4046,3748
3918,0,n4050,3754
3919,0,n4047,3747
3920,0,n4051,3752
3921,0,n4048,3746
3922,0,n4052,3753
3923,0,n4067,3757
3924,0,n4069,3763
3925,0,n4068,3756
3926,0,n4070,3761
3927,0,n4053,3755
3928,0,n4057,3762
3929,0,n4054,3760
3930,0,n4058,3766
3931,1,n4062,undefined
3932,0,n4055,3759
3933,0,n4059,3765
3934,0,n4056,3758
3935,0,n4060,3764
3936,1,n4064,undefined
3937,0,n4071,3768
3938,0,n4072,3769
3939,0,n4061,3767
3940,0,n4063,3770
3941,0,n4091,3777
3942,0,n4092,3775
3943,0,n4073,3772
3944,0,n4077,3774
3945,1,n4074,undefined
3946,1,n4078,undefined
3947,0,n4075,3771
3948,0,n4079,3776
3949,0,n4076,3773
3950,0,n4080,3778
3951,0,n4093,3783
3952,0,n4095,3788
3953,0,n4094,3782
3954,0,n4096,3786
3955,0,n4081,3780
3956,0,n4084,3785
3957,1,n4082,undefined
3958,1,n4085,undefined
3959,0,n4083,3779
3960,0,n4086,3787
3961,0,n4097,3793
3962,0,n4098,3790
3963,0,n4087,3789
3964,1,n4088,undefined
3965,0,n4089,3791
3966,0,n4090,3792
3967,0,n4110,3799
3968,0,n4111,3797
3969,0,n4099,3794
3970,0,n4100,3798
3971,0,n4101,3784
3972,0,n4102,3795
3973,0,n4112,3805
3974,0,n4113,3804
3975,0,n4114,3802
3976,0,n4115,3800
3977,0,n4103,3803
3978,1,n4104,undefined
3979,1,n4105,undefined
3980,0,n4106,3801
3981,0,n4116,3809
3982,0,n4117,3808
3983,0,n4107,3807
3984,0,n4108,3806
3985,1,n4119,undefined
3986,0,n4109,3812
3987,0,n4126,3816
3988,0,n4127,3814
3989,0,n4128,3813
3990,0,n4129,3810
3991,0,n4118,3811
3992,0,n4120,3815
3993,0,n4130,3819
3994,0,n4131,3820
3995,0,n4121,3818
3996,0,n4122,3817
3997,0,n4132,3826
3998,0,n4133,3824
3999,0,n4134,3822
4000,0,n4123,3821
4001,0,n4124,3823
4002,0,n4125,3825
4003,0,n4143,3830
4004,0,n4144,3829
4005,0,n4135,3828
4006,0,n4136,3827
4007,0,n4145,3838
4008,0,n4146,3837
4009,0,n4147,3833
4010,0,n4148,3831
4011,0,n4137,3832
4012,0,n4138,3836
4013,0,n4139,3835
4014,0,n4140,3834
4015,0,n4149,3842
4016,0,n4150,3843
4017,0,n4141,3841
4018,0,n4142,3840
4019,0,n4159,3849
4020,0,n4160,3846
4021,0,n4161,3844
4022,0,n4151,3845
4023,0,n4152,3847
4024,0,n4153,3848
4025,0,n4162,3853
4026,0,n4163,3852
4027,0,n4154,3854
4028,0,n4155,3851
4029,0,n4164,3860
4030,0,n4165,3857
4031,0,n4166,3856
4032,0,n4156,3855
4033,0,n4157,3858
4034,0,n4158,3859
4035,0,n4175,3864
4036,0,n4176,3862
4037,0,n4167,3863
4038,0,n4168,3861
4039,0,n4177,3870
4040,0,n4178,3867
4041,0,n4179,3868
4042,0,n4169,3865
4043,1,n4180,undefined
4044,0,n4170,3866
4045,0,n4171,3869
4046,0,n4181,3874
4047,0,n4182,3872
4048,0,n4172,3871
4049,1,n4173,undefined
4050,0,n4174,3873
4051,0,n4191,3882
4052,0,n4192,3877
4053,0,n4193,3875
4054,0,n4183,3876
4055,1,n4184,undefined
4056,0,n4185,3879
4057,0,n4194,3878
4058,0,n4196,3883
4059,0,n4186,3880
4060,0,n4187,3881
4061,0,n4197,3888
4062,0,n4198,3889
4063,0,n4199,3887
4064,0,n4188,3884
4065,0,n4189,3885
4066,0,n4190,3886
4067,0,n4208,3896
4068,0,n4209,3891
4069,0,n4210,3890
4070,0,n4200,3892
4071,1,n4201,undefined
4072,0,n4202,3894
4073,0,n4211,3893
4074,0,n4213,3898
4075,0,n4203,3897
4076,0,n4204,3895
4077,0,n4214,3901
4078,0,n4215,3899
4079,0,n4216,3900
4080,0,n4205,3902
4081,0,n4206,3904
4082,0,n4207,3903
4083,0,n4224,3908
4084,0,n4225,3907
4085,0,n4226,3906
4086,0,n4217,3905
4087,0,n4218,3909
4088,0,n4227,3911
4089,0,n4219,3912
4090,0,n4220,3910
4091,0,n4228,3915
4092,0,n4229,3914
4093,0,n4230,3913
4094,0,n4221,3916
4095,0,n4222,3918
4096,0,n4223,3917
4097,0,n4238,3922
4098,0,n4239,3920
4099,0,n4240,3921
4100,0,n4231,3919
4101,0,n4232,3923
4102,0,n4241,3926
4103,0,n4233,3925
4104,0,n4234,3924
4105,0,n4242,3928
4106,0,n4243,3929
4107,0,n4244,3927
4108,0,n4235,3931
4109,0,n4236,3932
4110,0,n4237,3930
4111,0,n4252,3936
4112,0,n4253,3935
4113,0,n4254,3934
4114,0,n4245,3933
4115,0,n4246,3937
4116,0,n4255,3940
4117,0,n4247,3939
4118,0,n4248,3938
4119,0,n4256,3943
4120,0,n4257,3942
4121,0,n4258,3941
4122,0,n4249,3945
4123,0,n4250,3946
4124,0,n4251,3944
4125,0,n4266,3950
4126,0,n4267,3949
4127,0,n4268,3948
4128,0,n4259,3947
4129,0,n4260,3951
4130,0,n4269,3954
4131,0,n4261,3953
4132,0,n4262,3952
4133,0,n4270,3957
4134,0,n4271,3955
4135,0,n4272,3956
4136,0,n4263,3958
4137,0,n4264,3960
4138,0,n4265,3959
4139,0,n4280,3964
4140,0,n4281,3962
4141,0,n4282,3963
4142,0,n4273,3961
4143,0,n4274,3965
4144,0,n4283,3967
4145,0,n4275,3968
4146,0,n4276,3966
4147,0,n4284,3971
4148,0,n4285,3969
4149,0,n4286,3970
4150,0,n4277,3973
4151,0,n4278,3974
4152,0,n4279,3972
4153,0,n4294,3978
4154,0,n4295,3976
4155,0,n4296,3977
4156,0,n4287,3975
4157,0,n4288,3980
4158,0,n4297,3979
4159,0,n4289,3982
4160,0,n4290,3981
4161,0,n4298,3985
4162,0,n4299,3984
4163,0,n4300,3983
4164,0,n4291,3987
4165,0,n4292,3986
4166,0,n4293,3988
4167,0,n4306,3989
4168,0,n4301,3999
4169,0,n4307,3992
4170,0,n4308,3991
4171,0,n4304,3993
4172,0,n4309,3990
4173,0,n4302,3994
4174,0,n4310,3998
4175,0,n4311,3997
4176,0,n4305,3996
4177,0,n4312,4000
4178,0,n4303,3995
4179,0,n4313,4006
4180,0,n4322,4001
4181,0,n4323,4003
4182,0,n4315,4004
4183,0,n4324,4005
4184,0,n4316,4002
4185,0,n4325,4010
4186,0,n4326,4009
4187,0,n4317,4011
4188,0,n4327,4012
4189,0,n4318,4008
4190,0,n4314,4007
4191,0,n4328,4013
4192,0,n4337,4015
4193,0,n4338,4016
4194,0,n4331,4014
4195,0,n4339,4017
4196,0,n4329,4018
4197,0,n4340,4023
4198,0,n4341,4021
4199,0,n4332,4020
4200,0,n4342,4022
4201,0,n4333,4024
4202,0,n4330,4019
4203,0,n4343,4050
4204,0,n4351,4026
4205,0,n4352,4028
4206,0,n4344,4027
4207,0,n4353,4029
4208,0,n4345,4025
4209,0,n4354,4034
4210,0,n4355,4030
4211,0,n4346,4031
4212,0,n4356,4032
4213,0,n4347,4033
4214,0,n4364,4036
4215,0,n4365,4038
4216,0,n4358,4039
4217,0,n4366,4037
4218,0,n4359,4035
4219,0,n4367,4041
4220,0,n4368,4040
4221,0,n4369,4044
4222,0,n4360,4042
4223,0,n4361,4043
4224,0,n4370,4048
4225,0,n4371,4049
4226,0,n4372,4046
4227,0,n4362,4047
4228,0,n4363,4045
4229,0,n4379,4054
4230,0,n4380,4053
4231,0,n4381,4051
4232,0,n4373,4055
4233,0,n4374,4052
4234,0,n4382,4058
4235,0,n4383,4056
4236,0,n4375,4059
4237,0,n4376,4057
4238,0,n4384,4063
4239,0,n4385,4061
4240,0,n4377,4060
4241,0,n4378,4062
4242,0,n4392,4066
4243,0,n4393,4064
4244,0,n4386,4067
4245,0,n4387,4065
4246,0,n4394,4070
4247,0,n4395,4068
4248,0,n4388,4071
4249,0,n4389,4069
4250,0,n4396,4074
4251,0,n4397,4072
4252,0,n4390,4073
4253,0,n4391,4075
4254,0,n4404,4078
4255,0,n4405,4077
4256,0,n4398,4079
4257,0,n4399,4076
4258,0,n4406,4082
4259,0,n4407,4081
4260,0,n4400,4083
4261,0,n4401,4080
4262,0,n4408,4088
4263,0,n4409,4089
4264,0,n4402,4094
4265,0,n4403,4096
4266,1,n4410,undefined
4267,1,n4411,undefined
4268,0,n4416,4091
4269,0,n4417,4090
4270,0,n4418,4092
4271,0,n4419,4093
4272,0,n4421,4097
4273,0,n4422,4095
4274,0,n4423,4099
4275,0,n4424,4098
4276,0,n4425,4100
4277,0,n4426,4101
4278,0,n4427,4102
4279,0,n4428,4107
4280,0,n4429,4108
4281,0,n4430,4109
4282,0,n4436,4103
4283,0,n4437,4104
4284,0,n4444,4106
4285,0,n4445,4105
4286,2,undefined,162
4287,2,undefined,186
4288,2,undefined,335
4289,2,undefined,437
4290,2,undefined,465
4291,2,undefined,543
4292,2,undefined,544
4293,2,undefined,616
4294,2,undefined,660
4295,2,undefined,802
4296,2,undefined,815
4297,2,undefined,818
4298,2,undefined,822
4299,2,undefined,821
4300,2,undefined,862
4301,2,undefined,874
4302,2,undefined,878
4303,2,undefined,906
4304,2,undefined,924
4305,2,undefined,1086
4306,2,undefined,1171
4307,2,undefined,1172
4308,2,undefined,1174
4309,2,undefined,1175
4310,2,undefined,1208
4311,2,undefined,1209
4312,2,undefined,1213
4313,2,undefined,1218
4314,2,undefined,1230
4315,2,undefined,1243
4316,2,undefined,1250
4317,2,undefined,1253
4318,2,undefined,1281
4319,2,undefined,1640
4320,2,undefined,1708
4321,2,undefined,1752
4322,2,undefined,1764
4323,2,undefined,1776
4324,2,undefined,2141
4325,2,undefined,2198
4326,2,undefined,2230
4327,2,undefined,2352
4328,2,undefined,2348
4329,2,undefined,2347
4330,2,undefined,2351
4331,2,undefined,2357
4332,2,undefined,2349
4333,2,undefined,2346
4334,2,undefined,2350
4335,2,undefined,2356
4336,2,undefined,2353
4337,2,undefined,2354
4338,2,undefined,2355
4339,2,undefined,2695
4340,2,undefined,2696
4341,2,undefined,2766
4342,2,undefined,2800
4343,2,undefined,2801
4344,2,undefined,2983
4345,2,undefined,3042
4346,2,undefined,3297
4347,2,undefined,3417
4348,2,undefined,3514
4349,2,undefined,3551
4350,2,undefined,3781
4351,2,undefined,3796
4352,2,undefined,3839
4353,2,undefined,3850
4354,2,undefined,4086
4355,2,undefined,4085
4356,2,undefined,4084
4357,2,undefined,4087
