onset_sec,duration_sec,pitch,velocity,track,channel,id,last_beat,last_beat_ref
1.0145833,0.119791664,69,67,1,0,0,-10.0,-10.0
1.15625,0.103125,71,78,1,0,1,1.021354,0.0
1.028125,0.33854166,45,49,1,0,2,1.021354,0.0
1.3072916,0.079166666,73,86,1,0,3,1.021354,0.0
1.4458333,0.11145833,69,71,1,0,4,1.021354,0.0
1.615625,0.08541667,78,81,1,0,5,1.611979,1.0
1.9385417,0.07395833,78,81,1,0,6,1.611979,1.0
1.6083333,0.6166667,57,58,1,0,7,1.021354,0.0
2.275,0.16354166,78,71,1,0,8,2.275,2.0
2.421875,0.092708334,75,68,1,0,9,2.275,2.0
2.275,0.615625,56,46,1,0,10,2.275,2.0
2.5833333,0.36041668,76,67,1,0,11,2.275,2.0
3.075,0.1125,76,87,1,0,12,2.908333,3.0
3.23125,0.09791667,78,92,1,0,13,2.908333,3.0
3.3822916,0.1,79,95,1,0,14,2.908333,3.0
2.9083333,0.6197917,55,60,1,0,15,2.908333,3.0
3.55,0.17604166,81,87,1,0,16,3.548958,4.0
3.234375,0.603125,64,61,1,0,17,2.908333,3.0
3.7135417,0.15833333,79,88,1,0,18,3.548958,4.0
3.8635416,0.054166667,57,68,1,0,19,3.548958,4.0
3.8635416,0.12916666,78,92,1,0,20,3.548958,4.0
4.0135417,0.10625,81,82,1,0,21,3.548958,4.0
3.5479167,0.60833335,54,61,1,0,22,2.908333,3.0
4.1854167,0.11666667,74,87,1,0,23,4.180729,5.0
4.3229165,0.110416666,73,89,1,0,24,4.180729,5.0
4.483333,0.078125,71,84,1,0,25,4.180729,5.0
4.1760416,0.5989583,59,63,1,0,26,3.548958,4.0
4.632292,0.20416667,81,78,1,0,27,4.180729,5.0
4.8020835,0.159375,80,76,1,0,28,4.797396,6.0
4.9489584,0.159375,78,84,1,0,29,4.797396,6.0
4.492708,0.625,62,56,1,0,30,4.180729,5.0
5.1125,0.046875,56,58,1,0,31,4.797396,6.0
5.1125,0.10625,76,85,1,0,32,4.797396,6.0
4.7927084,0.6041667,52,46,1,0,33,4.180729,5.0
5.242708,0.15416667,80,82,1,0,34,4.797396,6.0
5.4197917,0.15625,73,81,1,0,35,4.797396,6.0
5.56875,0.10520833,71,79,1,0,36,5.423958,7.0
5.725,0.09583333,69,72,1,0,37,5.423958,7.0
5.428125,0.5416667,57,55,1,0,38,5.423958,7.0
5.883333,0.18541667,79,76,1,0,39,5.423958,7.0
5.71875,0.403125,61,51,1,0,40,5.423958,7.0
6.063542,0.14166667,78,74,1,0,41,6.056771,8.0
6.210417,0.13958333,76,80,1,0,42,6.056771,8.0
6.05,0.31979167,50,47,1,0,43,5.423958,7.0
6.384375,0.083333336,59,61,1,0,44,6.056771,8.0
6.375,0.11770833,74,80,1,0,45,6.056771,8.0
6.528125,0.094791666,57,61,1,0,46,6.056771,8.0
6.5114584,0.134375,78,82,1,0,47,6.056771,8.0
6.6520834,0.055208333,56,57,1,0,48,6.056771,8.0
6.672917,0.08125,71,76,1,0,49,6.670139,9.0
6.7229166,0.0875,57,57,1,0,50,6.670139,9.0
6.829167,0.094791666,56,52,1,0,51,6.670139,9.0
6.815625,0.14791666,78,70,1,0,52,6.670139,9.0
6.6854167,0.40833333,52,61,1,0,53,6.670139,9.0
6.984375,0.11354167,76,75,1,0,54,6.670139,9.0
7.116667,0.053125,56,62,1,0,55,6.670139,9.0
7.1375,0.1375,74,68,1,0,56,6.670139,9.0
7.3,0.079166666,57,65,1,0,57,6.670139,9.0
7.3145833,0.11354167,73,73,1,0,58,7.303472,10.0
7.4510417,0.115625,71,76,1,0,59,7.303472,10.0
7.295833,0.30520833,45,66,1,0,60,6.670139,9.0
7.60625,0.13020833,69,80,1,0,61,7.303472,10.0
7.741667,0.153125,71,83,1,0,62,7.303472,10.0
7.610417,0.29791668,57,78,1,0,63,7.303472,10.0
7.9083333,0.13020833,73,90,1,0,64,7.303472,10.0
8.045834,0.13958333,75,84,1,0,65,7.910417,11.0
7.9125,0.30416667,56,74,1,0,66,7.910417,11.0
8.216666,0.16666667,76,91,1,0,67,7.910417,11.0
8.216666,0.27083334,54,77,1,0,68,7.910417,11.0
8.3625,0.13020833,78,89,1,0,69,7.910417,11.0
8.530209,0.123958334,80,90,1,0,70,7.910417,11.0
8.536458,0.15208334,52,83,1,0,71,8.533333,12.0
8.672916,0.1375,81,83,1,0,72,8.533333,12.0
8.686459,0.153125,54,77,1,0,73,8.533333,12.0
8.8375,0.14479166,56,85,1,0,74,8.533333,12.0
8.844791,0.146875,83,79,1,0,75,8.533333,12.0
8.9875,0.14166667,52,84,1,0,76,8.533333,12.0
8.9875,0.14166667,80,84,1,0,77,8.533333,12.0
9.145833,0.06979167,61,82,1,0,78,8.533333,12.0
9.1625,0.18854167,76,83,1,0,79,9.154166,13.0
9.307292,0.153125,78,73,1,0,80,9.154166,13.0
9.473958,0.047916666,61,78,1,0,81,9.154166,13.0
9.6125,0.123958334,76,77,1,0,82,9.154166,13.0
9.48125,0.259375,80,76,1,0,83,9.154166,13.0
9.782291,0.098958336,61,69,1,0,84,9.154166,13.0
9.789583,0.128125,78,74,1,0,85,9.789236,14.0
9.936459,0.109375,58,66,1,0,86,9.789236,14.0
9.940625,0.12291667,80,67,1,0,87,9.789236,14.0
9.795834,0.34791666,75,68,1,0,88,9.789236,14.0
10.1125,0.14270833,81,69,1,0,89,9.789236,14.0
10.104167,0.35208333,59,61,1,0,90,9.789236,14.0
10.267709,0.390625,78,81,1,0,91,9.789236,14.0
10.429167,0.24583334,74,78,1,0,92,10.429167,15.0
10.591666,0.1625,59,84,1,0,93,10.429167,15.0
10.754167,0.146875,61,74,1,0,94,10.429167,15.0
10.429167,0.6020833,71,76,1,0,95,10.429167,15.0
10.910417,0.140625,62,71,1,0,96,10.429167,15.0
11.084375,0.13958333,64,61,1,0,97,10.429167,15.0
11.233334,0.14583333,62,60,1,0,98,11.090104,16.0
10.763541,0.65208334,83,83,1,0,99,10.429167,15.0
11.404166,0.121875,61,58,1,0,100,11.090104,16.0
11.095834,0.45208332,73,68,1,0,101,11.090104,16.0
11.411458,0.16666667,76,72,1,0,102,11.090104,16.0
11.564584,0.15416667,64,65,1,0,103,11.090104,16.0
11.730208,0.12604167,57,67,1,0,104,11.090104,16.0
11.872916,0.15729167,56,71,1,0,105,11.732291,17.0
12.028125,0.13854167,54,70,1,0,106,11.732291,17.0
11.734375,0.584375,78,82,1,0,107,11.732291,17.0
12.196875,0.15520833,64,72,1,0,108,11.732291,17.0
12.35625,0.153125,63,73,1,0,109,11.732291,17.0
12.509375,0.159375,61,68,1,0,110,12.367708,18.0
12.052083,0.6666667,81,70,1,0,111,11.732291,17.0
12.688541,0.10208333,59,68,1,0,112,12.367708,18.0
12.703125,0.20104167,75,60,1,0,113,12.367708,18.0
12.83125,0.16979167,63,66,1,0,114,12.367708,18.0
12.379167,0.63125,71,51,1,0,115,12.367708,18.0
13.008333,0.13541667,56,66,1,0,116,12.367708,18.0
13.1625,0.14375,54,66,1,0,117,13.011979,19.0
13.325,0.11666667,52,69,1,0,118,13.011979,19.0
13.35,0.275,80,62,1,0,119,13.011979,19.0
13.4875,0.14895834,62,64,1,0,120,13.011979,19.0
13.64375,0.15208334,61,64,1,0,121,13.011979,19.0
13.665625,0.14583333,81,57,1,0,122,13.654688,20.0
13.015625,0.87083334,76,69,1,0,123,13.011979,19.0
13.795834,0.14375,59,75,1,0,124,13.654688,20.0
13.816667,0.15416667,80,68,1,0,125,13.654688,20.0
13.948958,0.134375,57,80,1,0,126,13.654688,20.0
13.970834,0.15,78,78,1,0,127,13.654688,20.0
14.098958,0.15,61,73,1,0,128,13.654688,20.0
14.120833,0.13958333,81,76,1,0,129,13.654688,20.0
14.271875,0.15208334,54,73,1,0,130,14.271875,21.0
14.4125,0.140625,61,66,1,0,131,14.271875,21.0
14.583333,0.14166667,59,69,1,0,132,14.271875,21.0
14.419791,0.309375,81,73,1,0,133,14.271875,21.0
14.271875,0.46666667,75,82,1,0,134,14.271875,21.0
14.576041,0.196875,80,78,1,0,135,14.271875,21.0
14.729167,0.12083333,78,83,1,0,136,14.271875,21.0
14.729167,0.146875,57,71,1,0,137,14.271875,21.0
14.889584,0.119791664,56,66,1,0,138,14.271875,21.0
15.038542,0.15833333,54,67,1,0,139,14.898958,22.0
15.215625,0.1375,52,68,1,0,140,14.898958,22.0
14.908334,0.56145835,76,77,1,0,141,14.898958,22.0
15.360416,0.17395833,54,68,1,0,142,14.898958,22.0
15.245833,0.34166667,71,57,1,0,143,14.898958,22.0
15.530209,0.15520833,56,73,1,0,144,14.898958,22.0
15.578125,0.23020834,76,75,1,0,145,15.554166,23.0
15.678125,0.13958333,57,76,1,0,146,15.554166,23.0
15.845834,0.14791666,59,76,1,0,147,15.554166,23.0
15.884375,0.215625,76,72,1,0,148,15.554166,23.0
15.866667,0.23333333,79,91,1,0,149,15.554166,23.0
16.005209,0.15625,61,73,1,0,150,15.554166,23.0
16.171875,0.114583336,62,74,1,0,151,15.554166,23.0
16.328125,0.14479166,64,65,1,0,152,16.178473,24.0
16.186459,0.29583332,76,74,1,0,153,16.178473,24.0
16.177084,0.33020833,79,74,1,0,154,15.554166,23.0
16.507292,0.134375,66,63,1,0,155,16.178473,24.0
16.530209,0.228125,74,53,1,0,156,16.178473,24.0
16.51875,0.28541666,78,67,1,0,157,16.178473,24.0
16.660418,0.146875,62,65,1,0,158,16.178473,24.0
16.827084,0.15,59,74,1,0,159,16.827084,25.0
16.978125,0.14270833,61,66,1,0,160,16.827084,25.0
17.155209,0.058333334,74,59,1,0,161,16.827084,25.0
17.141666,0.090625,78,70,1,0,162,16.827084,25.0
17.14375,0.109375,62,63,1,0,163,16.827084,25.0
17.288542,0.15520833,59,66,1,0,164,16.827084,25.0
17.461458,0.121875,61,55,1,0,165,16.827084,25.0
17.613543,0.13125,62,55,1,0,166,17.471874,26.0
17.483334,0.3,74,56,1,0,167,17.471874,26.0
17.470833,0.321875,78,68,1,0,168,16.827084,25.0
17.788542,0.10625,64,56,1,0,169,17.471874,26.0
17.815624,0.24375,76,60,1,0,170,17.471874,26.0
17.815624,0.26458332,73,60,1,0,171,17.471874,26.0
17.939583,0.15520833,61,55,1,0,172,17.471874,26.0
18.116667,0.14166667,57,66,1,0,173,18.116667,27.0
18.254168,0.14895834,59,71,1,0,174,18.116667,27.0
18.425,0.078125,76,76,1,0,175,18.116667,27.0
18.435417,0.077083334,73,74,1,0,176,18.116667,27.0
18.425,0.13958333,61,63,1,0,177,18.116667,27.0
18.585417,0.184375,57,68,1,0,178,18.116667,27.0
18.75,0.13229166,59,65,1,0,179,18.116667,27.0
18.897917,0.14479166,61,56,1,0,180,18.759375,28.0
18.773958,0.29895833,73,70,1,0,181,18.759375,28.0
18.754168,0.33958334,76,77,1,0,182,18.116667,27.0
19.077084,0.146875,62,59,1,0,183,18.759375,28.0
19.116667,0.17604166,71,49,1,0,184,18.759375,28.0
19.088541,0.26979166,74,62,1,0,185,18.759375,28.0
19.233334,0.146875,59,65,1,0,186,18.759375,28.0
19.396875,0.15,56,73,1,0,187,19.396875,29.0
19.542707,0.153125,57,79,1,0,188,19.396875,29.0
19.711458,0.15208334,59,78,1,0,189,19.396875,29.0
19.872917,0.08125,56,81,1,0,190,19.396875,29.0
19.727083,0.27291667,74,85,1,0,191,19.396875,29.0
20.046875,0.31770834,57,84,1,0,192,19.396875,29.0
20.198957,0.18645833,59,80,1,0,193,20.053646,30.0
20.060417,0.33645833,74,80,1,0,194,20.053646,30.0
20.369791,0.15208334,61,75,1,0,195,20.053646,30.0
20.373959,0.28020832,73,89,1,0,196,20.053646,30.0
20.517708,0.30729166,57,77,1,0,197,20.053646,30.0
20.686459,0.13854167,66,78,1,0,198,20.053646,30.0
20.829166,0.13229166,61,72,1,0,199,20.691145,31.0
20.988543,0.12604167,66,76,1,0,200,20.691145,31.0
20.992708,0.18229167,57,74,1,0,201,20.691145,31.0
21.148958,0.08645833,54,78,1,0,202,20.691145,31.0
20.695833,0.675,81,82,1,0,203,20.691145,31.0
21.317709,0.16041666,66,71,1,0,204,20.691145,31.0
21.478125,0.13125,63,76,1,0,205,21.323957,32.0
21.325,0.54791665,80,79,1,0,206,21.323957,32.0
21.329166,0.70520836,61,72,1,0,207,21.323957,32.0
21.651041,0.40625,64,79,1,0,208,21.323957,32.0
22.132292,0.146875,64,79,1,0,209,21.967709,33.0
22.284374,0.14791666,66,85,1,0,210,21.967709,33.0
22.422916,0.17604166,67,82,1,0,211,21.967709,33.0
21.967709,0.67291665,79,84,1,0,212,21.967709,33.0
22.6125,0.209375,69,72,1,0,213,22.6125,34.0
22.754168,0.16770834,67,71,1,0,214,22.6125,34.0
22.930208,0.14583333,66,74,1,0,215,22.6125,34.0
22.6125,0.5833333,78,83,1,0,216,22.6125,34.0
22.935417,0.29791668,57,77,1,0,217,22.6125,34.0
23.082293,0.15104167,69,75,1,0,218,22.6125,34.0
23.246876,0.140625,62,77,1,0,219,22.6125,34.0
23.398958,0.14479166,61,72,1,0,220,23.252604,35.0
23.258333,0.38333333,83,84,1,0,221,23.252604,35.0
23.569792,0.26354167,59,72,1,0,222,23.252604,35.0
23.708334,0.14375,69,74,1,0,223,23.252604,35.0
23.55625,0.384375,62,77,1,0,224,23.252604,35.0
23.901041,0.15104167,68,78,1,0,225,23.252604,35.0
24.040625,0.14375,66,76,1,0,226,23.901043,36.0
24.211458,0.14270833,64,76,1,0,227,23.901043,36.0
23.901041,0.528125,76,83,1,0,228,23.252604,35.0
24.371876,0.15208334,68,75,1,0,229,23.901043,36.0
24.226042,0.309375,56,72,1,0,230,23.901043,36.0
24.539583,0.12604167,61,66,1,0,231,24.5375,37.0
24.69375,0.14375,59,68,1,0,232,24.5375,37.0
24.848959,0.088541664,61,67,1,0,233,24.5375,37.0
25.011457,0.13645834,67,74,1,0,234,24.5375,37.0
24.86875,0.28854167,57,67,1,0,235,24.5375,37.0
25.176043,0.11145833,66,68,1,0,236,24.5375,37.0
25.185417,0.109375,62,60,1,0,237,25.18073,38.0
25.326042,0.15625,64,71,1,0,238,25.18073,38.0
25.497917,0.103125,62,64,1,0,239,25.18073,38.0
25.504168,0.1,59,63,1,0,240,25.18073,38.0
25.644793,0.16145833,66,76,1,0,241,25.18073,38.0
24.535418,1.3104167,81,76,1,0,242,23.901043,36.0
25.80625,0.110416666,59,59,1,0,243,25.18073,38.0
25.959375,0.092708334,66,70,1,0,244,25.813541,39.0
26.136457,0.028125,52,63,1,0,245,25.813541,39.0
26.136457,0.08020833,64,75,1,0,246,25.813541,39.0
26.284374,0.134375,62,68,1,0,247,25.813541,39.0
26.455208,0.10625,57,56,1,0,248,26.455208,40.0
25.820833,0.81458336,80,75,1,0,249,25.813541,39.0
26.629168,0.159375,78,77,1,0,250,26.455208,40.0
26.783333,0.071875,56,60,1,0,251,26.455208,40.0
26.790625,0.14791666,77,84,1,0,252,26.455208,40.0
26.942709,0.1625,80,87,1,0,253,26.455208,40.0
27.110416,0.061458334,57,59,1,0,254,27.102083,41.0
27.2625,0.13333334,76,64,1,0,255,27.102083,41.0
27.41875,0.06979167,54,50,1,0,256,27.102083,41.0
27.433332,0.07395833,74,52,1,0,257,27.102083,41.0
27.580208,0.114583336,73,66,1,0,258,27.102083,41.0
26.455208,1.3020834,61,52,1,0,259,26.455208,40.0
27.73125,0.052083332,56,51,1,0,260,27.102083,41.0
27.735416,0.08229167,71,60,1,0,261,27.733334,42.0
27.876041,0.13229166,69,56,1,0,262,27.733334,42.0
27.09375,0.9635417,78,86,1,0,263,26.455208,40.0
28.065624,0.045833334,59,52,1,0,264,27.733334,42.0
28.052084,0.15208334,68,67,1,0,265,27.733334,42.0
28.208334,0.11770833,71,66,1,0,266,27.733334,42.0
28.377083,0.065625,61,46,1,0,267,28.377083,43.0
28.542707,0.0625,74,56,1,0,268,28.377083,43.0
28.698957,0.047916666,49,49,1,0,269,28.377083,43.0
28.717709,0.067708336,73,60,1,0,270,28.377083,43.0
28.852083,0.040625,71,66,1,0,271,28.377083,43.0
28.377083,0.59479165,77,70,1,0,272,28.377083,43.0
29.034374,0.040625,54,59,1,0,273,29.02882,44.0
29.026041,0.15416667,78,76,1,0,274,28.377083,43.0
29.346874,0.038541667,42,54,1,0,275,29.02882,44.0
29.16875,0.221875,80,76,1,0,276,29.02882,44.0
29.346874,0.153125,81,78,1,0,277,29.02882,44.0
29.503124,0.07604167,78,79,1,0,278,29.02882,44.0
29.678125,0.16458334,74,68,1,0,279,29.678125,45.0
29.026041,0.853125,69,67,1,0,280,28.377083,43.0
29.835417,0.096875,73,69,1,0,281,29.678125,45.0
30.019793,0.121875,71,62,1,0,282,29.678125,45.0
30.010416,0.21354167,74,71,1,0,283,29.678125,45.0
30.169792,0.115625,69,63,1,0,284,29.678125,45.0
29.678125,0.61354166,54,53,1,0,285,29.678125,45.0
30.335417,0.140625,74,65,1,0,286,29.678125,45.0
30.491667,0.096875,72,69,1,0,287,30.346527,46.0
30.378124,0.50104165,68,51,1,0,288,30.346527,46.0
30.326042,0.6354167,53,50,1,0,289,29.678125,45.0
30.828125,0.13854167,56,48,1,0,290,30.346527,46.0
30.663542,0.365625,73,62,1,0,291,30.346527,46.0
31.141666,0.13958333,73,76,1,0,292,31.008333,47.0
31.3125,0.12083333,74,80,1,0,293,31.008333,47.0
31.017708,0.59270835,52,47,1,0,294,31.008333,47.0
31.466667,0.14791666,76,71,1,0,295,31.008333,47.0
31.646875,0.16770834,78,64,1,0,296,31.6375,48.0
31.802084,0.14166667,76,67,1,0,297,31.6375,48.0
30.998959,0.946875,61,54,1,0,298,30.346527,46.0
31.938541,0.058333334,54,60,1,0,299,31.6375,48.0
31.957293,0.1125,75,73,1,0,300,31.6375,48.0
31.628124,0.63645834,51,46,1,0,301,31.008333,47.0
32.095833,0.18020834,78,79,1,0,302,31.6375,48.0
32.276043,0.14895834,71,79,1,0,303,32.272396,49.0
32.420834,0.13125,69,81,1,0,304,32.272396,49.0
32.589584,0.114583336,68,86,1,0,305,32.272396,49.0
32.26875,0.65833336,56,62,1,0,306,31.6375,48.0
32.741665,0.340625,78,88,1,0,307,32.272396,49.0
32.91354,0.178125,77,85,1,0,308,32.272396,49.0
33.077084,0.13958333,75,84,1,0,309,32.915627,50.0
33.229168,0.0625,53,65,1,0,310,32.915627,50.0
32.598957,0.6927083,59,58,1,0,311,32.272396,49.0
33.233334,0.14166667,73,91,1,0,312,32.915627,50.0
32.91771,0.65,49,57,1,0,313,32.915627,50.0
33.39375,0.22083333,83,84,1,0,314,32.915627,50.0
33.56979,0.18854167,81,81,1,0,315,32.915627,50.0
33.722916,0.184375,80,85,1,0,316,33.569794,51.0
33.892708,0.15729167,78,87,1,0,317,33.569794,51.0
33.56979,0.615625,54,59,1,0,318,32.915627,50.0
33.880207,0.34375,57,61,1,0,319,33.569794,51.0
34.05104,0.196875,77,90,1,0,320,33.569794,51.0
34.215626,0.14895834,78,88,1,0,321,34.21406,52.0
34.2125,0.27604166,50,56,1,0,322,33.569794,51.0
34.371876,0.21354167,77,94,1,0,323,34.21406,52.0
34.526043,0.08645833,47,55,1,0,324,34.21406,52.0
34.53021,0.12604167,56,61,1,0,325,34.21406,52.0
34.53021,0.16354166,78,87,1,0,326,34.21406,52.0
34.673958,0.125,80,90,1,0,327,34.21406,52.0
34.673958,0.15416667,54,63,1,0,328,34.21406,52.0
34.846874,0.096875,81,75,1,0,329,34.21406,52.0
34.94375,0.059375,80,81,1,0,330,34.85208,53.0
35.010418,0.078125,81,74,1,0,331,34.85208,53.0
35.085415,0.053125,80,73,1,0,332,34.85208,53.0
35.15,0.096875,81,68,1,0,333,34.85208,53.0
35.190624,0.08645833,59,60,1,0,334,34.85208,53.0
35.20729,0.16979167,80,80,1,0,335,34.85208,53.0
35.358334,0.079166666,78,86,1,0,336,34.85208,53.0
34.85104,0.621875,53,61,1,0,337,34.21406,52.0
34.858334,0.646875,49,57,1,0,338,34.85208,53.0
35.7125,0.11666667,74,62,1,0,339,35.54514,54.0
35.557293,0.30208334,57,44,1,0,340,35.54514,54.0
35.533333,0.471875,54,43,1,0,341,34.85208,53.0
35.872917,0.13645834,73,67,1,0,342,35.54514,54.0
36.0375,0.18020834,71,66,1,0,343,35.54514,54.0
35.544792,0.73229164,78,68,1,0,344,34.85208,53.0
36.203125,0.14479166,69,53,1,0,345,36.203125,55.0
36.35625,0.13020833,68,64,1,0,346,36.203125,55.0
36.535416,0.07604167,81,71,1,0,347,36.203125,55.0
36.526043,0.09791667,66,58,1,0,348,36.203125,55.0
36.68125,0.146875,64,53,1,0,349,36.203125,55.0
36.85104,0.12916666,63,55,1,0,350,36.203125,55.0
37.022915,0.12708333,61,46,1,0,351,36.860416,56.0
36.869793,0.31770834,81,64,1,0,352,36.860416,56.0
37.205208,0.12708333,59,49,1,0,353,36.860416,56.0
37.35625,0.13333334,57,61,1,0,354,36.860416,56.0
37.19375,0.34895834,80,59,1,0,355,36.860416,56.0
37.5125,0.11666667,56,66,1,0,356,37.5125,57.0
37.6625,0.121875,54,63,1,0,357,37.5125,57.0
37.817707,0.103125,52,61,1,0,358,37.5125,57.0
37.821877,0.23854166,80,69,1,0,359,37.5125,57.0
37.96875,0.119791664,58,57,1,0,360,37.5125,57.0
37.853127,0.24166666,76,56,1,0,361,37.5125,57.0
38.317707,0.13958333,76,57,1,0,362,38.155727,58.0
38.158333,0.33541667,80,60,1,0,363,38.155727,58.0
38.153126,0.47604167,47,49,1,0,364,37.5125,57.0
38.503124,0.12604167,75,56,1,0,365,38.155727,58.0
38.647915,0.153125,73,82,1,0,366,38.155727,58.0
38.489582,0.334375,78,74,1,0,367,38.155727,58.0
38.810417,0.171875,71,81,1,0,368,38.810417,59.0
38.959373,0.171875,69,74,1,0,369,38.810417,59.0
39.11771,0.08020833,83,90,1,0,370,38.810417,59.0
39.12604,0.13020833,68,80,1,0,371,38.810417,59.0
39.275,0.14791666,66,78,1,0,372,38.810417,59.0
39.44896,0.16354166,64,72,1,0,373,39.44896,60.0
39.608334,0.14895834,63,64,1,0,374,39.44896,60.0
39.44896,0.36354166,83,87,1,0,375,39.44896,60.0
39.775,0.15,61,58,1,0,376,39.44896,60.0
39.93854,0.15,59,71,1,0,377,39.44896,60.0
40.09375,0.15,57,79,1,0,378,40.09375,61.0
39.770832,0.509375,81,66,1,0,379,39.44896,60.0
40.236458,0.16770834,56,77,1,0,380,40.09375,61.0
40.389584,0.13229166,54,75,1,0,381,40.09375,61.0
40.39896,0.2625,81,79,1,0,382,40.09375,61.0
40.552082,0.16770834,63,75,1,0,383,40.09375,61.0
40.4125,0.31875,78,84,1,0,384,40.09375,61.0
40.88229,0.13541667,78,68,1,0,385,40.733852,62.0
40.741665,0.28125,81,71,1,0,386,40.733852,62.0
41.05521,0.108333334,76,57,1,0,387,40.733852,62.0
41.209373,0.15104167,74,67,1,0,388,40.733852,62.0
41.047916,0.321875,80,70,1,0,389,40.733852,62.0
41.37396,0.15833333,73,80,1,0,390,41.37396,63.0
40.72604,0.84166664,52,62,1,0,391,40.09375,61.0
41.517708,0.15104167,71,86,1,0,392,41.37396,63.0
41.696877,0.123958334,69,70,1,0,393,41.37396,63.0
41.69479,0.178125,76,84,1,0,394,41.37396,63.0
41.840626,0.103125,68,81,1,0,395,41.37396,63.0
42.008335,0.15625,76,86,1,0,396,41.37396,63.0
42.18021,0.16041666,64,69,1,0,397,42.01302,64.0
42.358334,0.14166667,62,68,1,0,398,42.01302,64.0
42.35,0.15,69,68,1,0,399,42.01302,64.0
42.509377,0.146875,61,64,1,0,400,42.01302,64.0
42.017708,0.6927083,66,72,1,0,401,42.01302,64.0
42.683334,0.15833333,59,69,1,0,402,42.01302,64.0
42.68854,0.17395833,74,80,1,0,403,42.68594,65.0
42.8375,0.16875,57,78,1,0,404,42.68594,65.0
43.002083,0.140625,56,75,1,0,405,42.68594,65.0
43.003124,0.2625,74,85,1,0,406,42.68594,65.0
43.010418,0.2625,71,83,1,0,407,42.68594,65.0
43.159374,0.11770833,59,80,1,0,408,42.68594,65.0
43.340626,0.1875,45,81,1,0,409,42.68594,65.0
43.34479,0.27395833,74,76,1,0,410,42.68594,65.0
43.503124,0.16770834,47,80,1,0,411,43.346527,66.0
43.354168,0.321875,71,82,1,0,412,43.346527,66.0
43.65521,0.1375,49,83,1,0,413,43.346527,66.0
43.67604,0.28229168,64,69,1,0,414,43.346527,66.0
43.809376,0.153125,45,77,1,0,415,43.346527,66.0
43.971874,0.07604167,54,88,1,0,416,43.346527,66.0
43.659374,0.390625,73,82,1,0,417,43.346527,66.0
44.14896,0.21041666,76,72,1,0,418,43.98073,67.0
44.302082,0.06458333,54,87,1,0,419,43.98073,67.0
44.327084,0.14583333,74,74,1,0,420,43.98073,67.0
44.46875,0.08125,73,74,1,0,421,43.98073,67.0
43.989582,0.59479165,69,73,1,0,422,43.98073,67.0
44.629166,0.094791666,54,76,1,0,423,43.98073,67.0
44.64479,0.128125,71,78,1,0,424,44.6375,68.0
44.765625,0.1625,51,78,1,0,425,44.6375,68.0
44.8,0.175,73,73,1,0,426,44.6375,68.0
44.638542,0.4,68,81,1,0,427,44.6375,68.0
44.975,0.14270833,74,75,1,0,428,44.6375,68.0
44.941666,0.384375,52,74,1,0,429,44.6375,68.0
45.290627,0.23333333,67,74,1,0,430,45.286457,69.0
45.129166,0.446875,71,74,1,0,431,44.6375,68.0
45.44479,0.17916666,52,80,1,0,432,45.286457,69.0
45.609375,0.16041666,54,78,1,0,433,45.286457,69.0
45.28229,0.64166665,64,79,1,0,434,44.6375,68.0
45.771873,0.165625,55,72,1,0,435,45.286457,69.0
45.94896,0.171875,57,70,1,0,436,45.946877,70.0
46.10625,0.16041666,55,62,1,0,437,45.946877,70.0
45.614582,0.6770833,76,87,1,0,438,45.286457,69.0
46.28021,0.1375,54,64,1,0,439,45.946877,70.0
45.94479,0.55625,66,66,1,0,440,45.286457,69.0
46.2875,0.22083333,69,68,1,0,441,45.946877,70.0
46.43854,0.17916666,57,69,1,0,442,45.946877,70.0
46.614582,0.13229166,50,68,1,0,443,45.946877,70.0
46.758335,0.15208334,49,70,1,0,444,46.620834,71.0
46.942707,0.134375,47,71,1,0,445,46.620834,71.0
46.627083,0.6041667,71,80,1,0,446,46.620834,71.0
47.107292,0.15520833,57,63,1,0,447,46.620834,71.0
47.277084,0.16666667,56,66,1,0,448,46.620834,71.0
47.439583,0.16458334,54,65,1,0,449,47.285416,72.0
47.62396,0.10104167,52,64,1,0,450,47.285416,72.0
46.942707,0.80625,74,78,1,0,451,46.620834,71.0
47.619793,0.23229167,68,68,1,0,452,47.285416,72.0
47.7625,0.17708333,56,59,1,0,453,47.285416,72.0
47.29375,0.6479167,64,62,1,0,454,47.285416,72.0
47.946877,0.13854167,49,58,1,0,455,47.285416,72.0
48.110416,0.12083333,47,61,1,0,456,47.947918,73.0
48.28229,0.134375,45,64,1,0,457,47.947918,73.0
48.28229,0.31354168,73,67,1,0,458,47.947918,73.0
48.44896,0.15625,55,59,1,0,459,47.947918,73.0
48.610416,0.16666667,54,62,1,0,460,47.947918,73.0
48.62396,0.153125,74,57,1,0,461,48.617188,74.0
47.94896,0.915625,69,65,1,0,462,47.947918,73.0
48.764584,0.159375,52,72,1,0,463,48.617188,74.0
48.78125,0.1625,73,70,1,0,464,48.617188,74.0
48.93125,0.146875,50,74,1,0,465,48.617188,74.0
48.951042,0.15729167,71,76,1,0,466,48.617188,74.0
49.102085,0.13229166,73,80,1,0,467,48.617188,74.0
49.09271,0.16458334,54,73,1,0,468,48.617188,74.0
49.266666,0.13854167,74,78,1,0,469,49.263195,75.0
49.26146,0.15833333,47,73,1,0,470,48.617188,74.0
49.419792,0.15520833,54,68,1,0,471,49.263195,75.0
49.419792,0.17916666,73,85,1,0,472,49.263195,75.0
49.58229,0.14791666,52,73,1,0,473,49.263195,75.0
49.26146,0.49479166,68,88,1,0,474,48.617188,74.0
49.580208,0.17604166,74,84,1,0,475,49.263195,75.0
49.736458,0.110416666,76,88,1,0,476,49.263195,75.0
49.732292,0.17291667,50,74,1,0,477,49.263195,75.0
49.895832,0.13645834,49,74,1,0,478,49.89375,76.0
49.891666,0.17395833,69,87,1,0,479,49.263195,75.0
50.057293,0.134375,47,78,1,0,480,49.89375,76.0
50.05,0.16875,71,88,1,0,481,49.89375,76.0
50.210415,0.11145833,73,95,1,0,482,49.89375,76.0
50.210415,0.184375,45,79,1,0,483,49.89375,76.0
50.358334,0.15833333,69,81,1,0,484,49.89375,76.0
50.369793,0.16875,49,75,1,0,485,49.89375,76.0
50.54271,0.103125,78,91,1,0,486,50.538544,77.0
50.53854,0.14791666,50,75,1,0,487,49.89375,76.0
50.690624,0.18229167,52,76,1,0,488,50.538544,77.0
50.534374,0.41875,57,78,1,0,489,49.89375,76.0
50.86875,0.109375,78,93,1,0,490,50.538544,77.0
50.86354,0.15729167,50,72,1,0,491,50.538544,77.0
51.0125,0.114583336,49,76,1,0,492,50.538544,77.0
51.201042,0.16666667,47,65,1,0,493,51.200348,78.0
51.31875,0.063541666,77,74,1,0,494,51.200348,78.0
51.203125,0.17916666,78,95,1,0,495,51.200348,78.0
51.34479,0.121875,45,72,1,0,496,51.200348,78.0
51.359375,0.12916666,75,83,1,0,497,51.200348,78.0
51.196877,0.40416667,56,67,1,0,498,50.538544,77.0
51.517708,0.16666667,44,80,1,0,499,51.200348,78.0
51.68854,0.1625,47,72,1,0,500,51.200348,78.0
51.513542,0.37083334,76,93,1,0,501,51.200348,78.0
51.864582,0.128125,49,75,1,0,502,51.864582,79.0
52.021873,0.18541667,76,90,1,0,503,51.864582,79.0
52.189583,0.11770833,78,96,1,0,504,51.864582,79.0
52.345833,0.115625,79,93,1,0,505,51.864582,79.0
51.864582,0.68125,55,76,1,0,506,51.864582,79.0
52.189583,0.41354167,52,80,1,0,507,51.864582,79.0
52.521873,0.19166666,81,89,1,0,508,52.521873,80.0
52.67604,0.178125,79,87,1,0,509,52.521873,80.0
52.84479,0.06875,45,64,1,0,510,52.521873,80.0
52.840626,0.1625,78,94,1,0,511,52.521873,80.0
52.995834,0.13229166,81,88,1,0,512,52.521873,80.0
52.521873,0.653125,54,74,1,0,513,52.521873,80.0
53.179165,0.153125,74,93,1,0,514,53.177086,81.0
53.328125,0.14166667,73,93,1,0,515,53.177086,81.0
53.502083,0.11145833,71,89,1,0,516,53.177086,81.0
53.175,0.5708333,59,75,1,0,517,52.521873,80.0
53.653126,0.23645833,81,85,1,0,518,53.177086,81.0
53.83125,0.20520833,80,82,1,0,519,53.177086,81.0
53.49271,0.5989583,50,62,1,0,520,53.177086,81.0
53.978127,0.19895834,78,86,1,0,521,53.846355,82.0
54.171875,0.123958334,44,62,1,0,522,53.846355,82.0
54.14896,0.146875,76,85,1,0,523,53.846355,82.0
54.30521,0.15,80,81,1,0,524,53.846355,82.0
53.861458,0.63854164,52,55,1,0,525,53.846355,82.0
54.483334,0.15416667,73,85,1,0,526,54.483334,83.0
54.628124,0.11875,71,79,1,0,527,54.483334,83.0
54.483334,0.38645834,57,64,1,0,528,54.483334,83.0
54.795834,0.20104167,69,67,1,0,529,54.483334,83.0
54.8,0.33854166,49,55,1,0,530,54.483334,83.0
54.952084,0.2125,79,71,1,0,531,54.483334,83.0
55.129166,0.1375,78,73,1,0,532,55.125,84.0
55.277084,0.15625,76,73,1,0,533,55.125,84.0
55.460415,0.09166667,47,55,1,0,534,55.125,84.0
55.460415,0.119791664,74,72,1,0,535,55.125,84.0
55.120834,0.6010417,50,60,1,0,536,54.483334,83.0
55.6125,0.13333334,45,52,1,0,537,55.125,84.0
55.61771,0.128125,78,76,1,0,538,55.125,84.0
55.776043,0.096875,71,74,1,0,539,55.776043,85.0
55.92604,0.13645834,50,54,1,0,540,55.776043,85.0
55.92604,0.15,78,72,1,0,541,55.776043,85.0
56.083332,0.13333334,49,53,1,0,542,55.776043,85.0
56.09479,0.121875,76,73,1,0,543,55.776043,85.0
55.776043,0.45625,44,62,1,0,544,55.776043,85.0
56.234375,0.14791666,47,58,1,0,545,55.776043,85.0
56.25625,0.15,74,72,1,0,546,55.776043,85.0
56.415627,0.15104167,73,72,1,0,547,55.776043,85.0
56.419792,0.16145833,45,52,1,0,548,56.41771,86.0
56.575,0.10729167,71,77,1,0,549,56.41771,86.0
56.575,0.14270833,47,60,1,0,550,56.41771,86.0
56.735416,0.140625,49,65,1,0,551,56.41771,86.0
56.73125,0.14895834,69,70,1,0,552,56.41771,86.0
56.889584,0.15104167,45,57,1,0,553,56.41771,86.0
56.885418,0.17395833,73,77,1,0,554,56.41771,86.0
57.044792,0.13541667,50,62,1,0,555,56.41771,86.0
57.059376,0.16875,66,74,1,0,556,57.052086,87.0
57.21146,0.12291667,64,77,1,0,557,57.052086,87.0
57.21146,0.15104167,52,64,1,0,558,57.052086,87.0
57.36771,0.12291667,54,68,1,0,559,57.052086,87.0
57.371876,0.15625,62,72,1,0,560,57.052086,87.0
57.521873,0.159375,66,72,1,0,561,57.052086,87.0
57.528126,0.15833333,50,64,1,0,562,57.052086,87.0
57.689583,0.123958334,56,65,1,0,563,57.689583,88.0
57.689583,0.1625,59,77,1,0,564,57.689583,88.0
57.84375,0.13541667,61,75,1,0,565,57.689583,88.0
57.834373,0.165625,57,68,1,0,566,57.689583,88.0
57.99375,0.15416667,56,68,1,0,567,57.689583,88.0
58.00729,0.15833333,62,84,1,0,568,57.689583,88.0
58.147915,0.17395833,54,69,1,0,569,57.689583,88.0
58.160416,0.16145833,64,85,1,0,570,57.689583,88.0
58.327084,0.12604167,66,81,1,0,571,58.327084,89.0
58.327084,0.13125,52,74,1,0,572,58.327084,89.0
58.471874,0.1375,68,85,1,0,573,58.327084,89.0
58.47604,0.16666667,62,72,1,0,574,58.327084,89.0
58.635418,0.16458334,61,74,1,0,575,58.327084,89.0
58.642708,0.16666667,69,86,1,0,576,58.327084,89.0
58.8,0.09583333,59,76,1,0,577,58.327084,89.0
58.80521,0.153125,71,89,1,0,578,58.327084,89.0
58.97604,0.13333334,73,90,1,0,579,58.97396,90.0
58.971874,0.1625,57,75,1,0,580,58.327084,89.0
59.134377,0.17395833,54,74,1,0,581,58.97396,90.0
59.140625,0.18125,74,94,1,0,582,58.97396,90.0
59.308334,0.10729167,52,74,1,0,583,58.97396,90.0
59.31354,0.17291667,76,93,1,0,584,58.97396,90.0
59.466667,0.16979167,50,77,1,0,585,58.97396,90.0
59.466667,0.17708333,78,95,1,0,586,58.97396,90.0
59.63229,0.14583333,80,90,1,0,587,58.97396,90.0
59.63229,0.18020834,49,77,1,0,588,58.97396,90.0
59.808334,0.15,47,76,1,0,589,59.632294,91.0
59.80104,0.16666667,81,91,1,0,590,59.632294,91.0
59.985416,0.17604166,45,77,1,0,591,59.632294,91.0
60.00104,0.21666667,83,96,1,0,592,59.632294,91.0
60.184376,0.16041666,80,97,1,0,593,59.632294,91.0
60.166668,0.22083333,44,79,1,0,594,59.632294,91.0
60.380207,0.20520833,42,79,1,0,595,59.632294,91.0
60.585415,0.21666667,40,75,1,0,596,60.389065,92.0
60.60104,0.30520833,80,88,1,0,597,60.389065,92.0
60.826042,0.209375,78,95,1,0,598,60.389065,92.0
60.8125,0.34791666,38,76,1,0,599,60.389065,92.0
61.04271,0.18333334,76,91,1,0,600,60.389065,92.0
61.284374,0.23958333,74,86,1,0,601,61.283333,93.0
61.28229,0.478125,40,77,1,0,602,60.389065,92.0
61.527084,0.25208333,73,92,1,0,603,61.283333,93.0
60.397915,1.8760417,81,94,1,0,604,60.389065,92.0
61.841667,0.8520833,71,89,1,0,605,61.283333,93.0
62.191666,0.528125,80,89,1,0,606,61.283333,93.0
61.841667,0.88958335,52,74,1,0,607,61.283333,93.0
62.74896,1.9229167,81,79,1,0,608,61.283333,93.0
62.775,1.9333333,45,50,1,0,609,62.763195,94.0
62.765625,1.9427084,73,78,1,0,610,62.763195,94.0
